ID,Title,URL,Raw Release Date,Releases Date
1,Nghị quyết 408/NQ-CP năm 2025 về Kế hoạch thực hiện công tác bầu cử đại biểu Quốc hội khóa XVI và đại biểu Hội đồng nhân dân các cấp nhiệm kỳ 2026-2031 do Chính phủ ban hành,https://thuvienphapluat.vn/van-ban/Bo-may-hanh-chinh/Nghi-quyet-408-NQ-CP-2025-thuc-hien-cong-tac-bau-cu-dai-bieu-Quoc-hoi-khoa-XVI-684724.aspx,Ban hành: 13/12/2025,13/12/2025
2,"Nghị quyết 254/2025/QH15 quy định cơ chế, chính sách tháo gỡ khó khăn, vướng mắc trong tổ chức thi hành Luật Đất đai do Quốc hội ban hành",https://thuvienphapluat.vn/van-ban/Bat-dong-san/Nghi-quyet-254-2025-QH15-chinh-sach-thao-go-kho-khan-trong-to-chuc-thi-hanh-Luat-Dat-dai-684580.aspx,Ban hành: 11/12/2025,11/12/2025
3,Nghị quyết 403/NQ-CP năm 2025 về giao chỉ tiêu phát triển đối tượng tham gia bảo hiểm xã hội đến năm 2030 do Chính phủ ban hành,https://thuvienphapluat.vn/van-ban/Bao-hiem/Nghi-quyet-403-NQ-CP-2025-giao-chi-tieu-phat-trien-doi-tuong-tham-gia-bao-hiem-xa-hoi-683986.aspx,Ban hành: 10/12/2025,10/12/2025
4,"Nghị quyết 405/NQ-CP về kéo dài thời gian giải quyết chính sách, chế độ với người làm việc ngoài chỉ tiêu biên chế tại các Hội do Đảng và Nhà nước giao nhiệm vụ ở cấp tỉnh, cấp huyện trước ngày 01/07/2025 tại Nghị quyết 07/2025/NQ-CP về chính sách, chế độ đối với đối tượng chịu sự tác động do thực hiện sắp xếp tổ chức bộ máy, đơn vị hành chính các cấp theo Kết luận 183-KL/TW do Chính phủ ban hành",https://thuvienphapluat.vn/van-ban/Lao-dong-Tien-luong/Nghi-quyet-405-NQ-CP-2025-keo-dai-thoi-gian-Nghi-quyet-07-2025-NQ-CP-683985.aspx,Ban hành: 10/12/2025,10/12/2025
5,Nghị quyết 406/NQ-CP về Phiên họp Chính phủ thường kỳ tháng 11 năm 2025,https://thuvienphapluat.vn/van-ban/Bo-may-hanh-chinh/Nghi-quyet-406-NQ-CP-2025-Phien-hop-Chinh-phu-thuong-ky-thang-11-684387.aspx,Ban hành: 10/12/2025,10/12/2025
6,"Nghị quyết 66.9/2025/NQ-CP xử lý khó khăn, vướng mắc trong quy định về trách nhiệm xây dựng, quản lý Cơ sở dữ liệu quốc gia về xử lý vi phạm hành chính do Chính phủ ban hành",https://thuvienphapluat.vn/van-ban/Cong-nghe-thong-tin/Nghi-quyet-66-9-2025-NQ-CP-xu-ly-kho-khan-trong-xay-dung-Co-so-du-lieu-ve-xu-ly-vi-pham-hanh-chinh-683790.aspx,Ban hành: 08/12/2025,08/12/2025
7,"Nghị quyết 402/NQ-CP năm 2025 báo cáo tiếp thu, giải trình ý kiến thẩm tra của Ủy ban Kinh tế và Tài chính, ý kiến của các Đại biểu Quốc hội, Đoàn Đại biểu Quốc hội về dự án Luật Dự trữ quốc gia (sửa đổi) do Chính phủ ban hành",https://thuvienphapluat.vn/van-ban/Bo-may-hanh-chinh/Nghi-quyet-402-NQ-CP-2025-giai-trinh-y-kien-tham-tra-du-an-Luat-Du-tru-quoc-gia-sua-doi-684510.aspx,Ban hành: 08/12/2025,08/12/2025
8,"Nghị quyết 397/NQ-CP năm 2025 về Kế hoạch hành động của Chính phủ về đấu tranh ngăn chặn, đẩy lùi tình trạng buôn lậu, gian lận thương mại, hàng giả, xâm phạm quyền sở hữu trí tuệ đến năm 2030",https://thuvienphapluat.vn/van-ban/Thuong-mai/Nghi-quyet-397-NQ-CP-2025-Ke-hoach-dau-tranh-ngan-chan-day-lui-tinh-trang-buon-lau-683789.aspx,Ban hành: 05/12/2025,05/12/2025
9,"Nghị quyết 394/NQ-CP năm 2025 phát động phong trào toàn dân tham gia bảo vệ môi trường; giảm thiểu phát sinh, phân loại, thu gom, xử lý rác thải vì một Việt Nam sáng - xanh - sạch - đẹp do Chính phủ ban hành",https://thuvienphapluat.vn/van-ban/Tai-nguyen-Moi-truong/Nghi-quyet-394-NQ-CP-2025-phat-dong-phong-trao-toan-dan-tham-gia-bao-ve-moi-truong-682914.aspx,Ban hành: 03/12/2025,03/12/2025
10,"Nghị quyết 389/NQ-CP năm 2025 bổ sung danh sách các cửa khẩu quốc tế cho phép người nước ngoài nhập cảnh, xuất cảnh bằng thị thực điện tử do Chính phủ ban hành",https://thuvienphapluat.vn/van-ban/Cong-nghe-thong-tin/Nghi-quyet-389-NQ-CP-2025-bo-sung-cua-khau-quoc-te-cho-phep-nguoi-nuoc-ngoai-nhap-canh-bang-thi-thuc-dien-tu-682817.aspx,Ban hành: 02/12/2025,02/12/2025
11,Nghị quyết 393/NQ-CP năm 2025 về dự án Luật Viên chức (sửa đổi) do Chính phủ ban hành,https://thuvienphapluat.vn/van-ban/Bo-may-hanh-chinh/Nghi-quyet-393-NQ-CP-2025-du-an-Luat-Vien-chuc-sua-doi-682799.aspx,Ban hành: 02/12/2025,02/12/2025
12,"Nghị quyết 385/NQ-CP năm 2025 về ký Hiệp định vận chuyển hàng không giữa các Quốc gia thành viên Hiệp hội các quốc gia Đông Nam Á và New Zealand và Nghị định thư 1 của Hiệp định vận chuyển hàng không giữa các Quốc gia thành viên Hiệp hội các Quốc gia Đông Nam Á và New Zealand về các quyền vận chuyển 3, 4 và 5 giữa các Bên do Chính phủ ban hành",https://thuvienphapluat.vn/van-ban/Giao-thong-Van-tai/Nghi-quyet-385-NQ-CP-2025-ky-Hiep-dinh-van-chuyen-hang-khong-Hiep-hoi-Dong-Nam-A-682944.aspx,Ban hành: 01/12/2025,01/12/2025
13,"Nghị quyết 388/NQ-CP năm 2025 nghiên cứu tiếp thu, giải trình kết luận của Đại biểu Quốc hội tại Tổ và Hội trường; ý kiến thẩm tra của Ủy ban Kinh tế và Tài chính của Quốc hội về dự án Luật Bảo hiểm tiền gửi (sửa đổi) do Chính phủ ban hành",https://thuvienphapluat.vn/van-ban/Bao-hiem/Nghi-quyet-388-NQ-CP-2025-giai-trinh-ket-luan-cua-Dai-bieu-Quoc-hoi-ve-Luat-Bao-hiem-tien-gui-sua-doi-682941.aspx,Ban hành: 01/12/2025,01/12/2025
14,"Nghị quyết 386/NQ-CP năm 2025 tiếp thu, giải trình dự án Luật Thuế thu nhập cá nhân (sửa đổi) do Chính phủ ban hành",https://thuvienphapluat.vn/van-ban/Thue-Phi-Le-Phi/Nghi-quyet-386-NQ-CP-2025-giai-trinh-du-an-Luat-Thue-thu-nhap-ca-nhan-sua-doi-682940.aspx,Ban hành: 01/12/2025,01/12/2025
15,Nghị quyết 08/2025/NQ-CP cho phép người Việt Nam đủ điều kiện vào chơi casino tại một số dự án kinh doanh casino do Chính phủ ban hành,https://thuvienphapluat.vn/van-ban/Thuong-mai/Nghi-quyet-08-2025-NQ-CP-cho-phep-nguoi-Viet-Nam-du-dieu-kien-vao-choi-casino-tai-mot-so-du-an-682200.aspx,Ban hành: 26/11/2025,26/11/2025
16,"Nghị quyết 66.8/2025/NQ-CP tách nội dung bồi thường, hỗ trợ, tái định cư thuộc dự án điện hạt nhân đã được Quốc hội quyết định chủ trương đầu tư thành dự án độc lập do Chính phủ ban hành",https://thuvienphapluat.vn/van-ban/Dau-tu/Nghi-quyet-66-8-2025-NQ-CP-tach-noi-dung-boi-thuong-du-an-dien-hat-nhan-thanh-du-an-doc-lap-682253.aspx,Ban hành: 26/11/2025,26/11/2025
17,"Nghị quyết 380/NQ-CP năm 2025 về các giải pháp khắc phục hậu quả thiên tai, phục hồi sản xuất tại các địa phương khu vực miền Trung do Chính phủ ban hành",https://thuvienphapluat.vn/van-ban/Tai-nguyen-Moi-truong/Nghi-quyet-380-NQ-CP-2025-giai-phap-khac-phuc-hau-qua-thien-tai-cac-dia-phuong-mien-Trung-682054.aspx,Ban hành: 25/11/2025,25/11/2025
18,Nghị quyết 377/NQ-CP năm 2025 về dự án Pháp lệnh Cảnh sát môi trường sửa đổi do Chính phủ ban hành,https://thuvienphapluat.vn/van-ban/Bo-may-hanh-chinh/Nghi-quyet-377-NQ-CP-2025-du-an-Phap-lenh-Canh-sat-moi-truong-sua-doi-681809.aspx,Ban hành: 21/11/2025,21/11/2025
19,"Nghị quyết 375/NQ-CP năm 2025 dự thảo Nghị quyết sửa đổi Nghị quyết 136/2024/QH15 về tổ chức chính quyền đô thị và thí điểm cơ chế, chính sách đặc thù phát triển Thành phố Đà Nẵng do Chính phủ ban hành",https://thuvienphapluat.vn/van-ban/Bo-may-hanh-chinh/Nghi-quyet-375-NQ-CP-2025-du-thao-Nghi-quyet-sua-doi-Nghi-quyet-136-2024-QH15-681639.aspx,Ban hành: 20/11/2025,20/11/2025
20,"Nghị quyết 66.7/2025/NQ-CP quy định cắt giảm, đơn giản hóa thủ tục hành chính dựa trên dữ liệu do Chính phủ ban hành",https://thuvienphapluat.vn/van-ban/Cong-nghe-thong-tin/Nghi-quyet-66-7-2025-NQ-CP-cat-giam-don-gian-hoa-thu-tuc-hanh-chinh-dua-tren-du-lieu-681135.aspx,Ban hành: 15/11/2025,15/11/2025
21,"Nghị quyết 368/NQ-CP năm 2025 dự thảo Nghị quyết sửa đổi Nghị quyết 98/2023/QH15 về thí điểm cơ chế, chính sách đặc thù phát triển Thành phố Hồ Chí Minh do Chính phủ ban hành",https://thuvienphapluat.vn/van-ban/Bo-may-hanh-chinh/Nghi-quyet-368-NQ-CP-2025-du-thao-Nghi-quyet-sua-doi-Nghi-quyet-98-2023-QH15-680775.aspx,Ban hành: 14/11/2025,14/11/2025
22,"Nghị quyết 369/NQ-CP năm 2025 thông qua Báo cáo đề xuất chủ trương đầu tư Chương trình mục tiêu quốc gia hiện đại hóa, nâng cao chất lượng giáo dục và đào tạo giai đoạn 2026-2035 do Chính phủ ban hành",https://thuvienphapluat.vn/van-ban/Giao-duc/Nghi-quyet-369-NQ-CP-2025-Bao-cao-de-xuat-chu-truong-dau-tu-Chuong-trinh-muc-tieu-quoc-gia-hien-dai-hoa-680774.aspx,Ban hành: 14/11/2025,14/11/2025
23,Nghị quyết 246/2025/QH15 về phân bổ ngân sách trung ương năm 2026 do Quốc hội ban hành,https://thuvienphapluat.vn/van-ban/Tai-chinh-nha-nuoc/Nghi-quyet-246-2025-QH15-phan-bo-ngan-sach-trung-uong-nam-2026-681807.aspx,Ban hành: 14/11/2025,14/11/2025
24,Nghị quyết 244/2025/QH15 về Kế hoạch phát triển kinh tế - xã hội năm 2026 do Quốc hội ban hành,https://thuvienphapluat.vn/van-ban/Thuong-mai/Nghi-quyet-244-2025-QH15-Ke-hoach-phat-trien-kinh-te-xa-hoi-nam-2026-682478.aspx,Ban hành: 13/11/2025,13/11/2025
25,Nghị quyết 367/NQ-CP đề nghị bổ sung dự án Pháp lệnh Hợp nhất văn bản quy phạm pháp luật sửa đổi vào Chương trình lập pháp năm 2025 của Quốc hội do Chính phủ ban hành,https://thuvienphapluat.vn/van-ban/Bo-may-hanh-chinh/Nghi-quyet-367-NQ-CP-2025-bo-sung-du-an-Phap-lenh-Hop-nhat-van-ban-quy-pham-phap-luat-680777.aspx,Ban hành: 13/11/2025,13/11/2025
26,Nghị quyết 245/2025/QH15 về dự toán ngân sách nhà nước năm 2026 do Quốc hội ban hành,https://thuvienphapluat.vn/van-ban/Tai-chinh-nha-nuoc/Nghi-quyet-245-2025-QH15-du-toan-ngan-sach-nha-nuoc-nam-2026-681806.aspx,Ban hành: 13/11/2025,13/11/2025
27,Nghị quyết 366/NQ-CP về Phiên họp Chính phủ thường kỳ tháng 10 năm 2025,https://thuvienphapluat.vn/van-ban/Bo-may-hanh-chinh/Nghi-quyet-366-NQ-CP-2025-Phien-hop-Chinh-phu-thang-10-681245.aspx,Ban hành: 12/11/2025,12/11/2025
28,Nghị quyết 360/NQ-CP năm 2025 áp dụng quy định pháp luật khi thực hiện sáp nhập công ty con vào Công ty mẹ - Tập đoàn Công nghiệp Than - Khoáng sản Việt Nam do Chính phủ ban hành,https://thuvienphapluat.vn/van-ban/Doanh-nghiep/Nghi-quyet-360-NQ-CP-2025-ap-dung-phap-luat-khi-sap-nhap-cong-ty-con-Tap-doan-Cong-nghiep-Than-Viet-Nam-680349.aspx,Ban hành: 10/11/2025,10/11/2025
29,"Nghị quyết 1891/NQ-UBTVQH15 năm 2025 dự kiến số lượng, cơ cấu, thành phần đại biểu Quốc hội khóa XVI do Ủy ban Thường vụ Quốc hội ban hành",https://thuvienphapluat.vn/van-ban/Bo-may-hanh-chinh/Nghi-quyet-1891-NQ-UBTVQH15-2025-du-kien-so-luong-co-cau-thanh-phan-dai-bieu-Quoc-hoi-khoa-XVI-680346.aspx,Ban hành: 10/11/2025,10/11/2025
30,Nghị quyết 352/NQ-CP năm 2025 về dự án Luật Thương mại điện tử do Chính phủ ban hành,https://thuvienphapluat.vn/van-ban/Thuong-mai/Nghi-quyet-352-NQ-CP-2025-du-an-Luat-Thuong-mai-dien-tu-679346.aspx,Ban hành: 30/10/2025,30/10/2025
31,"Nghị quyết 1880/NQ-UBTVQH15 điều chỉnh dự toán chi đầu tư phát triển ngân sách trung ương năm 2025 giữa Bộ và địa phương; phân bổ dự toán và kế hoạch đầu tư công vốn ngân sách trung ương năm 2025 tương ứng với nguồn tăng thu ngân sách trung ương năm 2022, 2023 do Ủy ban Thường vụ Quốc hội ban hành",https://thuvienphapluat.vn/van-ban/Dau-tu/Nghi-quyet-1880-NQ-UBTVQH15-2025-dieu-chinh-du-toan-chi-dau-tu-phat-trien-ngan-sach-trung-uong-680452.aspx,Ban hành: 28/10/2025,28/10/2025
32,"Nghị quyết 66.6/2025/NQ-CP quy định về xử lý khó khăn, vướng mắc trong giao quyền phê duyệt nội dung trong hoạt động dầu khí do Chính phủ ban hành",https://thuvienphapluat.vn/van-ban/Bo-may-hanh-chinh/Nghi-quyet-66-6-2025-NQ-CP-xu-ly-kho-khan-vuong-mac-giao-quyen-phe-duyet-hoat-dong-dau-khi-678927.aspx,Ban hành: 28/10/2025,28/10/2025
33,"Nghị quyết 349/NQ-CP năm 2025 về Chương trình hành động thực hiện Kết luận 166-KL/TW về nâng cao hiệu quả thực hiện Nghị quyết 25-NQ/TW về “Tăng cường sự lãnh đạo của Đảng đối với công tác thanh niên thời kỳ đẩy mạnh công nghiệp hóa, hiện đại hóa” trong tình hình mới do Chính phủ ban hành",https://thuvienphapluat.vn/van-ban/Van-hoa-Xa-hoi/Nghi-quyet-349-NQ-CP-2025-thuc-hien-Nghi-quyet-25-NQ-TW-cong-tac-thanh-nien-thoi-ky-cong-nghiep-hoa-678891.aspx,Ban hành: 27/10/2025,27/10/2025
34,"Nghị quyết 347/NQ-CP năm 2025 nhiệm vụ, giải pháp trọng tâm để khẩn trương khắc phục hậu quả thiên tai sau bão số 11, nhanh chóng ổn định tình hình đời sống nhân dân, đẩy mạnh khôi phục sản xuất kinh doanh, tích cực thúc đẩy tăng trưởng kinh tế, kiểm soát tốt lạm phát do Chính phủ ban hành",https://thuvienphapluat.vn/van-ban/Tai-nguyen-Moi-truong/Nghi-quyet-347-NQ-CP-2025-giai-phap-trong-tam-khac-phuc-hau-qua-thien-tai-sau-bao-so-11-678683.aspx,Ban hành: 24/10/2025,24/10/2025
35,Nghị quyết 346/NQ-CP năm 2025 về dự án Luật Giá sửa đổi do Chính phủ ban hành,https://thuvienphapluat.vn/van-ban/Bo-may-hanh-chinh/Nghi-quyet-346-NQ-CP-2025-du-an-Luat-Gia-sua-doi-678252.aspx,Ban hành: 23/10/2025,23/10/2025
36,Nghị quyết 343/NQ-CP năm 2025 về dự án Luật Dự trữ quốc gia (sửa đổi) do Chính phủ ban hành,https://thuvienphapluat.vn/van-ban/Bo-may-hanh-chinh/Nghi-quyet-343-NQ-CP-2025-du-an-Luat-Du-tru-quoc-gia-sua-doi-678245.aspx,Ban hành: 22/10/2025,22/10/2025
37,"Nghị quyết 339/NQ-CP năm 2025 dự thảo Nghị quyết quy định về một số cơ chế, chính sách tháo gỡ khó khăn, vướng mắc trong tổ chức thi hành Luật Đất đai do Chính phủ ban hành",https://thuvienphapluat.vn/van-ban/Bat-dong-san/Nghi-quyet-339-NQ-CP-2025-du-thao-Nghi-quyet-chinh-sach-thao-go-kho-khan-thi-hanh-Luat-Dat-dai-677732.aspx,Ban hành: 19/10/2025,19/10/2025
38,"Nghị quyết 66.5/2025/NQ-CP tháo gỡ, xử lý vướng mắc trong việc sử dụng nguồn tăng thu ngân sách trung ương năm trước bổ sung dự phòng ngân sách trung ương năm sau do Chính phủ ban hành",https://thuvienphapluat.vn/van-ban/Tai-chinh-nha-nuoc/Nghi-quyet-66-5-2025-NQ-CP-xu-ly-vuong-mac-su-dung-nguon-tang-thu-ngan-sach-trung-uong-677840.aspx,Ban hành: 18/10/2025,18/10/2025
39,Nghị quyết 336/NQ-CP năm 2025 triển khai Nghị quyết 219/2025/QH15 về chủ trương đầu tư Dự án đầu tư xây dựng đường bộ cao tốc Quy Nhơn - Pleiku do Chính phủ ban hành,https://thuvienphapluat.vn/van-ban/Dau-tu/Nghi-quyet-336-NQ-CP-2025-trien-khai-Nghi-quyet-219-2025-QH15-xay-dung-cao-toc-Quy-Nhon-Pleiku-677727.aspx,Ban hành: 18/10/2025,18/10/2025
40,"Nghị quyết 335/NQ-CP năm 2025 về tính chi phí quản lý vào giá dịch vụ khám bệnh, chữa bệnh do Chính phủ ban hành",https://thuvienphapluat.vn/van-ban/Tai-chinh-nha-nuoc/Nghi-quyet-335-NQ-CP-2025-tinh-chi-phi-quan-ly-vao-gia-dich-vu-kham-benh-678242.aspx,Ban hành: 17/10/2025,17/10/2025
41,Nghị quyết 110/2025/UBTVQH15 điều chỉnh mức giảm trừ gia cảnh của thuế thu nhập cá nhân do Ủy ban Thường vụ Quốc hội ban hành,https://thuvienphapluat.vn/van-ban/Thue-Phi-Le-Phi/Nghi-quyet-110-2025-UBTVQH15-muc-giam-tru-gia-canh-thue-thu-nhap-ca-nhan-665865.aspx,Ban hành: 17/10/2025,17/10/2025
42,"Nghị quyết 109/2025/UBTVQH15 về Mức thuế bảo vệ môi trường đối với xăng, dầu, mỡ nhờn do Ủy ban Thường vụ Quốc hội ban hành",https://thuvienphapluat.vn/van-ban/Thue-Phi-Le-Phi/Nghi-quyet-109-2025-UBTVQH15-muc-thue-bao-ve-moi-truong-doi-voi-xang-dau-680035.aspx,Ban hành: 17/10/2025,17/10/2025
43,Nghị quyết 108/2025/UBTVQH15 quy định tiêu chuẩn thành lập Ban Dân tộc của Hội đồng nhân dân cấp tỉnh do Ủy ban Thường vụ Quốc hội ban hành,https://thuvienphapluat.vn/van-ban/Bo-may-hanh-chinh/Nghi-quyet-108-2025-UBTVQH15-tieu-chuan-thanh-lap-Ban-Dan-toc-cua-Hoi-dong-nhan-dan-cap-tinh-679162.aspx,Ban hành: 17/10/2025,17/10/2025
44,"Nghị quyết 106/2025/UBTVQH15 quy định số lượng Phó Chủ tịch Hội đồng nhân dân, Phó trưởng ban của Hội đồng nhân dân cấp tỉnh, cấp xã, việc bố trí đại biểu Hội đồng nhân dân cấp tỉnh, cấp xã hoạt động chuyên trách do Ủy ban Thường vụ Quốc hội ban hành",https://thuvienphapluat.vn/van-ban/Bo-may-hanh-chinh/Nghi-quyet-106-2025-UBTVQH15-so-luong-Pho-Chu-tich-Hoi-dong-nhan-dan-cap-tinh-cap-xa-678606.aspx,Ban hành: 16/10/2025,16/10/2025
45,"Nghị quyết 107/2025/UBTVQH15 hướng dẫn việc xác định dự kiến cơ cấu, thành phần và phân bổ số lượng người được giới thiệu ứng cử đại biểu Hội đồng nhân dân các cấp nhiệm kỳ 2026-2031 do Ủy ban Thường vụ Quốc hội ban hành",https://thuvienphapluat.vn/van-ban/Bo-may-hanh-chinh/Nghi-quyet-107-2025-UBTVQH15-so-luong-duoc-gioi-thieu-ung-cu-dai-bieu-Hoi-dong-nhan-dan-2026-2031-678685.aspx,Ban hành: 16/10/2025,16/10/2025
46,"Nghị quyết 332/NQ-CP năm 2025 về số lượng cấp phó của phòng chuyên môn và tương đương, Trung tâm Phục vụ hành chính công thuộc Ủy ban nhân dân xã, phường, đặc khu thuộc tỉnh, thành phố trực thuộc trung ương do Chính phủ ban hành",https://thuvienphapluat.vn/van-ban/Bo-may-hanh-chinh/Nghi-quyet-332-NQ-CP-2025-so-luong-cap-pho-Trung-tam-Phuc-vu-hanh-chinh-cong-dac-khu-677139.aspx,Ban hành: 15/10/2025,15/10/2025
47,"Nghị quyết 328/NQ-CP năm 2025 về Chương trình hành động thực hiện Nghị quyết 70-NQ/TW về bảo đảm an ninh năng lượng quốc gia đến năm 2030, tầm nhìn đến năm 2045 do Chính phủ ban hành",https://thuvienphapluat.vn/van-ban/Tai-nguyen-Moi-truong/Nghi-quyet-328-NQ-CP-2025-thuc-hien-Nghi-quyet-70-NQ-TW-bao-dam-an-ninh-nang-luong-quoc-gia-677275.aspx,Ban hành: 13/10/2025,13/10/2025
48,"Nghị quyết 323/NQ-CP năm 2025 về dự thảo Nghị quyết của Ủy ban Thường vụ Quốc hội quy định số lượng Phó Chủ tịch Hội đồng nhân dân, Phó Trưởng ban của Hội đồng nhân dân cấp tỉnh, cấp xã và việc bố trí đại biểu Hội đồng nhân dân cấp tỉnh, cấp xã hoạt động chuyên trách do Chính phủ ban hành",https://thuvienphapluat.vn/van-ban/Bo-may-hanh-chinh/Nghi-quyet-323-NQ-CP-2025-du-thao-Nghi-quyet-quy-dinh-so-luong-Pho-Chu-tich-Hoi-dong-nhan-dan-tinh-676625.aspx,Ban hành: 12/10/2025,12/10/2025
49,"Nghị quyết 320/NQ-CP năm 2025 về dự án Luật Công nghiệp quốc phòng, an ninh và động viên công nghiệp sửa đổi do Chính phủ ban hành",https://thuvienphapluat.vn/van-ban/Bo-may-hanh-chinh/Nghi-quyet-320-NQ-CP-2025-du-an-Luat-Cong-nghiep-quoc-phong-an-ninh-sua-doi-676622.aspx,Ban hành: 09/10/2025,09/10/2025
50,"Nghị quyết 318/NQ-CP năm 2025 về Kế hoạch triển khai Nghị quyết 188/2025/QH15 thí điểm cơ chế, chính sách đặc thù, đặc biệt để phát triển hệ thống mạng lưới đường sắt đô thị tại thành phố Hà Nội, Thành phố Hồ Chí Minh do Chính phủ ban hành",https://thuvienphapluat.vn/van-ban/Giao-thong-Van-tai/Nghi-quyet-318-NQ-CP-2025-ke-hoach-trien-khai-Nghi-quyet-188-2025-QH15-676318.aspx,Ban hành: 09/10/2025,09/10/2025
51,"Nghị quyết 1857/NQ-UBTVQH15 phân bổ, điều chỉnh dự toán chi đầu tư phát triển nguồn ngân sách trung ương năm 2025 giữa các bộ, cơ quan trung ương và địa phương do Ủy ban Thường vụ Quốc hội ban hành",https://thuvienphapluat.vn/van-ban/Tai-chinh-nha-nuoc/Nghi-quyet-1857-NQ-UBTVQH15-2025-dieu-chinh-du-toan-chi-dau-tu-phat-trien-nguon-ngan-sach-trung-uong-676634.aspx,Ban hành: 08/10/2025,08/10/2025
52,Nghị quyết 316/NQ-CP về Phiên họp Chính phủ thường kỳ tháng 9 năm 2025 và Hội nghị trực tuyến Chính phủ với địa phương,https://thuvienphapluat.vn/van-ban/Bo-may-hanh-chinh/Nghi-quyet-316-NQ-CP-2025-Phien-hop-Chinh-phu-thuong-ky-thang-9-676777.aspx,Ban hành: 08/10/2025,08/10/2025
53,Nghị quyết 306/NQ-CP năm 2025 điều chỉnh Quy hoạch tổng thể quốc gia thời kỳ 2021-2030 tầm nhìn đến năm 2050 do Chính phủ ban hành,https://thuvienphapluat.vn/van-ban/Xay-dung-Do-thi/Nghi-quyet-306-NQ-CP-2025-dieu-chinh-Quy-hoach-tong-the-quoc-gia-thoi-ky-2021-2030-675650.aspx,Ban hành: 05/10/2025,05/10/2025
54,"Nghị quyết 1849/NQ-UBTVQH15 năm 2025 thành lập Ban Tổ chức Diễn đàn về xây dựng pháp luật và nhiệm vụ, quyền hạn của các thành viên do Ủy ban Thường vụ Quốc hội ban hành",https://thuvienphapluat.vn/van-ban/Bo-may-hanh-chinh/Nghi-quyet-1849-NQ-UBTVQH15-2025-thanh-lap-Ban-To-chuc-Dien-dan-ve-xay-dung-phap-luat-678474.aspx,Ban hành: 03/10/2025,03/10/2025
55,"Nghị quyết 303/NQ-CP năm 2025 về Giải pháp thực hiện hiệu quả chính quyền địa phương 2 cấp theo Kết luận của Bộ Chính trị, Ban Bí thư do Chính phủ ban hành",https://thuvienphapluat.vn/van-ban/Bo-may-hanh-chinh/Nghi-quyet-303-NQ-CP-2025-giai-phap-thuc-hien-hieu-qua-chinh-quyen-dia-phuong-2-cap-675503.aspx,Ban hành: 03/10/2025,03/10/2025
56,"Nghị quyết 04/2025/NQ-HĐTP hướng dẫn áp dụng các tình tiết giảm nhẹ trách nhiệm hình sự, các tình tiết tăng nặng trách nhiệm hình sự quy định tại Điều 51 và Điều 52 của Bộ luật Hình sự do Hội đồng Thẩm phán Tòa án nhân dân tối cao ban hành",https://thuvienphapluat.vn/van-ban/Trach-nhiem-hinh-su/Nghi-quyet-04-2025-NQ-HDTP-huong-dan-ap-dung-cac-tinh-tiet-giam-nhe-trach-nhiem-hinh-su-679023.aspx,Ban hành: 30/09/2025,30/09/2025
57,Nghị quyết 03/2025/NQ-HĐTP năm 2025 hướng dẫn áp dụng quy định về chuyển hình phạt tử hình thành tù chung thân do Hội đồng Thẩm phán Toà án nhân dân tối cao ban hành,https://thuvienphapluat.vn/van-ban/Trach-nhiem-hinh-su/Nghi-quyet-03-2025-NQ-HDTP-chuyen-hinh-phat-tu-hinh-thanh-tu-chung-than-679021.aspx,Ban hành: 30/09/2025,30/09/2025
58,Nghị quyết 05/2025/NQ-HĐTP hướng dẫn áp dụng quy định về thẩm quyền của Tòa án tại Điều 30 và Điều 31 của Luật Tố tụng hành chính do Hội đồng Thẩm phán Toà án nhân dân tối cao ban hành,https://thuvienphapluat.vn/van-ban/Vi-pham-hanh-chinh/Nghi-quyet-05-2025-NQ-HDTP-huong-dan-ap-dung-quy-dinh-ve-tham-quyen-cua-Toa-an-682002.aspx,Ban hành: 30/09/2025,30/09/2025
59,"Nghị quyết 101/2025/UBTVQH15 hướng dẫn việc tổ chức hội nghị cử tri; việc giới thiệu ứng cử đại biểu Hội đồng nhân dân cấp xã ở thôn, tổ dân phố; việc hiệp thương, giới thiệu người ứng cử, lập danh sách người ứng cử, lập danh sách người ứng cử đại biểu Quốc hội, đại biểu Hội đồng nhân dân trong bầu cử bổ sung do Ủy ban Thường vụ Quốc hội ban hành",https://thuvienphapluat.vn/van-ban/Bo-may-hanh-chinh/Nghi-quyet-101-2025-UBTVQH15-huong-dan-viec-to-chuc-hoi-nghi-cu-tri-678562.aspx,Ban hành: 26/09/2025,26/09/2025
60,"Nghị quyết 104/2025/UBTVQH15 về Quy chế làm việc mẫu của Hội đồng nhân dân xã, phường, đặc khu do Ủy ban Thường vụ Quốc hội ban hành",https://thuvienphapluat.vn/van-ban/Bo-may-hanh-chinh/Nghi-quyet-104-2025-UBTVQH15-Quy-che-lam-viec-mau-cua-Hoi-dong-nhan-dan-xa-phuong-dac-khu-677188.aspx,Ban hành: 26/09/2025,26/09/2025
61,Nghị quyết 105/2025/UBTVQH15 về Chương trình lập pháp năm 2026 do Ủy ban Thường vụ Quốc hội ban hành,https://thuvienphapluat.vn/van-ban/Bo-may-hanh-chinh/Nghi-quyet-105-2025-UBTVQH15-Chuong-trinh-lap-phap-2026-676784.aspx,Ban hành: 26/09/2025,26/09/2025
62,Nghị quyết 298/NQ-CP năm 2025 về Kế hoạch hành động thực hiện của Chính phủ thực hiện Thông báo kết luận 81-TB/TW về chủ trương đầu tư xây dựng trường học cho các xã biên giới,https://thuvienphapluat.vn/van-ban/Giao-duc/Nghi-quyet-298-NQ-CP-2025-Ke-hoach-thuc-hien-81-TB-TW-xay-dung-truong-hoc-cho-cac-xa-bien-gioi-674481.aspx,Ban hành: 26/09/2025,26/09/2025
63,Nghị quyết liên tịch 100/2025/NQLT/UBTVQH15-CP-ĐCTUBTWMTTQVN sửa đổi Nghị quyết liên tịch 72/2025/NQLT/UBTVQH15-CP-ĐCTUBTWMTTQVN hướng dẫn việc tổ chức tiếp xúc cử tri của đại biểu Quốc hội và đại biểu Hội đồng nhân dân các cấp do Ủy ban Thường vụ Quốc hội - Chính phủ và Đoàn Chủ tịch Ủy ban Trung ương Mặt trận Tổ quốc Việt Nam ban hành,https://thuvienphapluat.vn/van-ban/Bo-may-hanh-chinh/Nghi-quyet-lien-tich-100-2025-NQLT-UBTVQH15-CP-DCTUBTWMTTQVN-sua-doi-72-2025-NQLT-UBTVQH15-CP-DCTUBTWMTTQVN-681103.aspx,Ban hành: 26/09/2025,26/09/2025
64,"Nghị quyết 103/2025/UBTVQH15 về Quy chế làm việc mẫu của Hội đồng nhân dân tỉnh, thành phố do Ủy ban Thường vụ Quốc hội ban hành",https://thuvienphapluat.vn/van-ban/Bo-may-hanh-chinh/Nghi-quyet-103-2025-UBTVQH15-Quy-che-lam-viec-mau-cua-Hoi-dong-nhan-dan-tinh-679120.aspx,Ban hành: 26/09/2025,26/09/2025
65,"Nghị quyết liên tịch 102/2025/NQLT-UBTVQH15-CP-ĐCTUBTWMTTQVN hướng dẫn quy trình hiệp thương, giới thiệu người ứng cử đại biểu Quốc hội khóa XVI, đại biểu Hội đồng nhân dân các cấp nhiệm kỳ 2026-2031 do Ủy ban Thường vụ Quốc hội - Chính phủ - Đoàn Chủ tịch Ủy ban Trung ương Mặt trận Tổ quốc Việt Nam ban hành",https://thuvienphapluat.vn/van-ban/Bo-may-hanh-chinh/Nghi-quyet-lien-tich-102-2025-NQLT-UBTVQH15-CP-DCTUBTWMTTQVN-huong-dan-quy-trinh-hiep-thuong-680766.aspx,Ban hành: 26/09/2025,26/09/2025
66,Nghị quyết 99/2025/UBTVQH15 về Quy chế tổ chức và hoạt động của Đoàn Hội thẩm do Ủy ban Thường vụ Quốc hội ban hành,https://thuvienphapluat.vn/van-ban/Bo-may-hanh-chinh/Nghi-quyet-99-2025-UBTVQH15-quy-che-to-chuc-cua-Doan-Hoi-tham-677126.aspx,Ban hành: 25/09/2025,25/09/2025
67,Nghị quyết 297/NQ-CP năm 2025 triển khai Nghị quyết 220/2025/QH15 về chủ trương đầu tư Dự án đầu tư xây dựng đường Vành đai 4 Thành phố Hồ Chí Minh do Chính phủ ban hành,https://thuvienphapluat.vn/van-ban/Dau-tu/Nghi-quyet-297-NQ-CP-2025-trien-khai-220-2025-QH15-xay-dung-duong-Vanh-dai-4-Ho-Chi-Minh-674326.aspx,Ban hành: 25/09/2025,25/09/2025
68,"Nghị quyết 292/NQ-CP năm 2025 về Kế hoạch xây dựng và phát triển ngành Ngoại giao đến năm 2030, tầm nhìn đến năm 2045 do Chính phủ ban hành",https://thuvienphapluat.vn/van-ban/Bo-may-hanh-chinh/Nghi-quyet-292-NQ-CP-2025-Ke-hoach-xay-dung-va-phat-trien-nganh-Ngoai-giao-tam-nhin-2045-673942.aspx,Ban hành: 23/09/2025,23/09/2025
69,"Nghị quyết 293/NQ-CP năm 2025 về dự thảo Nghị quyết hướng dẫn việc xác định dự kiến cơ cấu, thành phần và phân bổ số lượng người được giới thiệu ứng cử đại biểu Hội đồng nhân dân các cấp nhiệm kỳ 2026-2031 do Chính phủ ban hành",https://thuvienphapluat.vn/van-ban/Bo-may-hanh-chinh/Nghi-quyet-293-NQ-CP-2025-du-thao-Nghi-quyet-du-kien-co-cau-dai-bieu-Hoi-dong-nhan-dan-cac-cap-673939.aspx,Ban hành: 23/09/2025,23/09/2025
70,"Nghị quyết 66.4/2025/NQ-CP về Cơ chế, chính sách đặc thù nhằm tháo gỡ khó khăn trong triển khai Luật Địa chất và khoáng sản 2024 do Chính phủ ban hành",https://thuvienphapluat.vn/van-ban/Bo-may-hanh-chinh/Nghi-quyet-66-4-2025-NQ-CP-chinh-sach-dac-thu-thao-go-kho-khan-trien-khai-Luat-Dia-chat-va-khoang-san-673776.aspx,Ban hành: 21/09/2025,21/09/2025
71,Nghị quyết 290/NQ-CP Phiên họp chuyên đề về xây dựng pháp luật tháng 9 năm 2025 (Phiên thứ hai) do Chính phủ ban hành,https://thuvienphapluat.vn/van-ban/Bo-may-hanh-chinh/Nghi-quyet-290-NQ-CP-2025-Phien-hop-chuyen-de-ve-xay-dung-phap-luat-thang-9-Phien-thu-hai-673490.aspx,Ban hành: 19/09/2025,19/09/2025
72,"Nghị quyết 07/2025/NQ-CP​ về Chính sách, chế độ đối với đối tượng chịu sự tác động do thực hiện sắp xếp tổ chức bộ máy, đơn vị hành chính các cấp theo Kết luận 183-KL/TW do Chính phủ ban hành",https://thuvienphapluat.vn/van-ban/Bo-may-hanh-chinh/Nghi-quyet-07-2025-NQ-CP%e2%80%8b-che-do-doi-voi-doi-tuong-chiu-su-tac-dong-do-sap-xep-to-chuc-bo-may-673151.aspx,Ban hành: 17/09/2025,17/09/2025
73,Nghị quyết 283/NQ-CP Phiên họp chuyên đề về xây dựng pháp luật tháng 8 năm 2025 do Chính phủ ban hành,https://thuvienphapluat.vn/van-ban/Bo-may-hanh-chinh/Nghi-quyet-283-NQ-CP-2025-phien-hop-chuyen-de-ve-xay-dung-phap-luat-thang-8-672948.aspx,Ban hành: 16/09/2025,16/09/2025
74,"Nghị quyết 282/NQ-CP năm 2025 về Chương trình hành động thực hiện Nghị quyết 72-NQ/TW về giải pháp đột phá, tăng cường bảo vệ, chăm sóc và nâng cao sức khỏe Nhân dân do Chính phủ ban hành",https://thuvienphapluat.vn/van-ban/The-thao-Y-te/Nghi-quyet-282-NQ-CP-2025-Chuong-trinh-hanh-dong-thuc-hien-Nghi-quyet-72-NQ-TW-672762.aspx,Ban hành: 15/09/2025,15/09/2025
75,"Nghị quyết 66.3/2025/NQ-CP tháo gỡ, xử lý vướng mắc để triển khai dự án trong thời gian Quy hoạch sử dụng đất quốc gia thời kỳ 2021-2030, tầm nhìn đến năm 2050 chưa được phê duyệt điều chỉnh do Chính phủ ban hành",https://thuvienphapluat.vn/van-ban/Bat-dong-san/Nghi-quyet-66-3-2025-NQ-CP-xu-ly-vuong-mac-trong-thoi-gian-Quy-hoach-su-dung-dat-quoc-gia-2021-2030-672725.aspx,Ban hành: 15/09/2025,15/09/2025
76,Nghị quyết 281/NQ-CP năm 2025 về Chương trình hành động thực hiện Nghị quyết 71-NQ/TW về đột phá phát triển giáo dục và đào tạo do Chính phủ ban hành,https://thuvienphapluat.vn/van-ban/Giao-duc/Nghi-quyet-281-NQ-CP-2025-Chuong-trinh-hanh-dong-thuc-hien-Nghi-quyet-71-NQ-TW-672763.aspx,Ban hành: 15/09/2025,15/09/2025
77,Nghị quyết 279/NQ-CP năm 2025 về Dự án Luật Viên chức (sửa đổi) do Chính phủ ban hành,https://thuvienphapluat.vn/van-ban/Bo-may-hanh-chinh/Nghi-quyet-279-NQ-CP-2025-du-an-Luat-Vien-chuc-sua-doi-672967.aspx,Ban hành: 15/09/2025,15/09/2025
78,Nghị quyết 278/NQ-CP Phiên họp chuyên đề về xây dựng pháp luật tháng 9 năm 2025 (Phiên thứ nhất) do Chính phủ ban hành,https://thuvienphapluat.vn/van-ban/Bo-may-hanh-chinh/Nghi-quyet-278-NQ-CP-2025-phien-hop-chuyen-de-ve-xay-dung-phap-luat-thang-9-Phien-thu-nhat-672643.aspx,Ban hành: 13/09/2025,13/09/2025
79,"Nghị quyết 06/2025/NQ-CP tháo gỡ, xử lý vướng mắc để triển khai dự án trong thời gian Quy hoạch sử dụng đất quốc gia thời kỳ 2021-2030, tầm nhìn đến năm 2050 chưa được phê duyệt điều chỉnh do Chính phủ ban hành",https://thuvienphapluat.vn/van-ban/Xay-dung-Do-thi/Nghi-quyet-06-2025-NQ-CP-thao-go-vuong-mac-du-an-Quy-hoach-su-dung-dat-quoc-gia-2021-2030-672649.aspx,Ban hành: 12/09/2025,12/09/2025
80,"Nghị quyết 277/NQ-CP năm 2025 tháo gỡ, xử lý vướng mắc để triển khai dự án trong thời gian Quy hoạch sử dụng đất quốc gia thời kỳ 2021-2030, tầm nhìn đến năm 2050 chưa được phê duyệt điều chỉnh do Chính phủ ban hành",https://thuvienphapluat.vn/van-ban/Bat-dong-san/Nghi-quyet-277-NQ-CP-2025-xu-ly-vuong-mac-trong-thoi-gian-Quy-hoach-su-dung-dat-quoc-gia-2021-2030-672648.aspx,Ban hành: 12/09/2025,12/09/2025
81,Nghị quyết 273/NQ-CP về Phiên họp Chính phủ thường kỳ tháng 8 năm 2025,https://thuvienphapluat.vn/van-ban/Bo-may-hanh-chinh/Nghi-quyet-273-NQ-CP-2025-Phien-hop-Chinh-phu-thuong-ky-thang-8-672253.aspx,Ban hành: 09/09/2025,09/09/2025
82,Nghị quyết 05/2025/NQ-CP triển khai thí điểm thị trường tài sản mã hóa tại Việt Nam do Chính phủ ban hành,https://thuvienphapluat.vn/van-ban/Tien-te-Ngan-hang/Nghi-quyet-05-2025-NQ-CP-trien-khai-thi-diem-thi-truong-tai-san-ma-hoa-tai-Viet-Nam-672252.aspx,Ban hành: 09/09/2025,09/09/2025
83,Nghị quyết 268/NQ-CP năm 2025 về tình hình thực hiện và vận hành mô hình chính quyền địa phương 02 cấp do Chính phủ ban hành,https://thuvienphapluat.vn/van-ban/Bo-may-hanh-chinh/Nghi-quyet-268-NQ-CP-2025-tinh-hinh-thuc-hien-va-van-hanh-mo-hinh-chinh-quyen-dia-phuong-02-cap-671496.aspx,Ban hành: 31/08/2025,31/08/2025
84,Nghị quyết 261/NQ-CP năm 2025 về chuyển nhượng lượng giảm phát thải khí nhà kính còn dư thuộc vùng Bắc Trung Bộ giai đoạn 2018-2019 do Chính phủ ban hành,https://thuvienphapluat.vn/van-ban/Tai-nguyen-Moi-truong/Nghi-quyet-261-NQ-CP-2025-chuyen-nhuong-luong-giam-phat-thai-khi-nha-kinh-con-du-vung-Bac-Trung-Bo-671061.aspx,Ban hành: 29/08/2025,29/08/2025
85,Nghị quyết 263/NQ-CP năm 2025 về tặng quà nhân dân nhân dịp kỷ niệm 80 năm Cách mạng tháng Tám và Quốc khánh 2/9 do Chính phủ ban hành,https://thuvienphapluat.vn/van-ban/Van-hoa-Xa-hoi/Nghi-quyet-263-NQ-CP-2025-tang-qua-nhan-dan-nhan-dip-ky-niem-80-nam-Quoc-khanh-671088.aspx,Ban hành: 29/08/2025,29/08/2025
86,Nghị quyết 259/NQ-CP năm 2025 trình Quốc hội xin ý kiến về xử lý số nợ tiền thuê đất của đơn vị sự nghiệp công lập do Chính phủ ban hành,https://thuvienphapluat.vn/van-ban/Bat-dong-san/Nghi-quyet-259-NQ-CP-2025-xin-y-kien-ve-xu-ly-so-no-tien-thue-dat-cua-don-vi-su-nghiep-cong-lap-671069.aspx,Ban hành: 29/08/2025,29/08/2025
87,Nghị quyết 97/2025/UBTVQH15 điều chỉnh Chương trình lập pháp năm 2025 do Ủy ban Thường vụ Quốc hội ban hành,https://thuvienphapluat.vn/van-ban/Bo-may-hanh-chinh/Nghi-quyet-97-2025-UBTVQH15-dieu-chinh-Chuong-trinh-lap-phap-671257.aspx,Ban hành: 28/08/2025,28/08/2025
88,"Nghị quyết 66.2/2025/NQ-CP quy định xử lý khó khăn, vướng mắc điều chỉnh quy hoạch cấp quốc gia, quy hoạch vùng, quy hoạch tỉnh khi thực hiện sắp xếp đơn vị hành chính và tổ chức chính quyền địa phương 2 cấp trong thời gian chưa ban hành Luật Quy hoạch (sửa đổi) do Chính Phủ ban hành",https://thuvienphapluat.vn/van-ban/Xay-dung-Do-thi/Nghi-quyet-66-2-2025-NQ-CP-xu-ly-kho-khan-dieu-chinh-quy-hoach-cap-quoc-gia-khi-sap-xep-don-vi-hanh-chinh-671060.aspx,Ban hành: 28/08/2025,28/08/2025
89,"Nghị quyết 253/NQ-CP năm 2025 công bố các Nghị định hướng dẫn Luật Quản lý, sử dụng vốn nhà nước đầu tư vào sản xuất kinh doanh tại doanh nghiệp (Luật 69/2014/QH13) tiếp tục có hiệu lực do Chính phủ ban hành",https://thuvienphapluat.vn/van-ban/Dau-tu/Nghi-quyet-253-NQ-CP-2025-cong-bo-Nghi-dinh-huong-dan-Luat-Quan-ly-von-nha-nuoc-co-hieu-luc-670892.aspx,Ban hành: 26/08/2025,26/08/2025
90,"Nghị quyết 249/NQ-CP năm 2025 về Kế hoạch triển khai Nghị quyết 189/2025/QH15 về cơ chế, chính sách đặc biệt đầu tư xây dựng Dự án điện hạt nhân Ninh Thuận do Chính phủ ban hành",https://thuvienphapluat.vn/van-ban/Tai-nguyen-Moi-truong/Nghi-quyet-249-NQ-CP-2025-Ke-hoach-trien-khai-Nghi-quyet-189-2025-QH15-673676.aspx,Ban hành: 22/08/2025,22/08/2025
91,"Nghị quyết 04/2025/NQ-CP tháo gỡ khó khăn, vướng mắc trong triển khai dự án, nhiệm vụ ứng dụng công nghệ thông tin sử dụng nguồn vốn ngân sách nhà nước do Chính phủ ban hành",https://thuvienphapluat.vn/van-ban/Dau-tu/Nghi-quyet-04-2025-NQ-CP-thao-go-kho-khan-du-an-ung-dung-cong-nghe-thong-tin-669873.aspx,Ban hành: 20/08/2025,20/08/2025
92,"Nghị quyết 03/2025/NQ-CP về Cơ chế, chính sách đặc thù đầu tư xây dựng Cảng hàng không quốc tế Gia Bình do Chính phủ ban hành",https://thuvienphapluat.vn/van-ban/Dau-tu/Nghi-quyet-03-2025-NQ-CP-chinh-sach-dac-thu-dau-tu-xay-dung-Cang-hang-khong-quoc-te-Gia-Binh-669335.aspx,Ban hành: 14/08/2025,14/08/2025
93,Nghị quyết 94/2025/UBTVQH15 điều chỉnh Chương trình lập pháp năm 2025 do Ủy ban Thường vụ Quốc hội ban hành,https://thuvienphapluat.vn/van-ban/Bo-may-hanh-chinh/Nghi-quyet-94-2025-UBTVQH15-dieu-chinh-Chuong-trinh-lap-phap-2025-670435.aspx,Ban hành: 14/08/2025,14/08/2025
94,Nghị quyết 1790/NQ-UBTVQH15 năm 2025 về số lượng các đơn vị Kiểm toán nhà nước khu vực trực thuộc Kiểm toán nhà nước do Ủy ban Thường vụ Quốc hội ban hành,https://thuvienphapluat.vn/van-ban/Ke-toan-Kiem-toan/Nghi-quyet-1790-NQ-UBTVQH15-2025-so-luong-cac-don-vi-Kiem-toan-nha-nuoc-khu-vuc-670434.aspx,Ban hành: 13/08/2025,13/08/2025
95,"Nghị quyết 95/2025/UBTVQH15 quy định Danh mục nhiệm vụ, hoạt động và định mức khoán chi cho từng nhiệm vụ, hoạt động đối với nội dung thẩm tra, thông qua văn bản quy phạm pháp luật của Quốc hội, Ủy ban Thường vụ Quốc hội và thẩm tra, phê chuẩn, quyết định việc gia nhập điều ước quốc tế, tổ chức quốc tế thuộc thẩm quyền của Quốc hội do Ủy ban Thường vụ Quốc hội ban hành",https://thuvienphapluat.vn/van-ban/Bo-may-hanh-chinh/Nghi-quyet-95-2025-UBTVQH15-dinh-muc-khoan-chi-thong-qua-van-ban-quy-pham-phap-luat-cua-Quoc-hoi-670433.aspx,Ban hành: 13/08/2025,13/08/2025
96,"Nghị quyết 93/2025/UBTVQH15 quy định việc thực hiện dân chủ trong nội bộ Hội đồng Dân tộc, Ủy ban của Quốc hội, Thường trực Hội đồng nhân dân, Ban của Hội đồng nhân dân do Ủy ban Thường vụ Quốc hội ban hành",https://thuvienphapluat.vn/van-ban/Bo-may-hanh-chinh/Nghi-quyet-93-2025-UBTVQH15-thuc-hien-dan-chu-trong-noi-bo-Hoi-dong-Dan-toc-671295.aspx,Ban hành: 12/08/2025,12/08/2025
97,Nghị quyết 230/NQ-CP về phiên họp Chính phủ thường kỳ tháng 7 năm 2025 và Hội nghị trực tuyến Chính phủ với địa phương do Chính phủ ban hành,https://thuvienphapluat.vn/van-ban/Bo-may-hanh-chinh/Nghi-quyet-230-NQ-CP-2025-Phien-hop-Chinh-phu-thuong-ky-thang-7-668807.aspx,Ban hành: 10/08/2025,10/08/2025
98,"Nghị quyết 229/NQ-CP năm 2025 miễn thị thực theo Chương trình kích cầu phát triển du lịch cho công dân các nước: Bỉ, Bulgaria, Croatia, Séc, Hungary, Luxembourg, Hà Lan, Ba Lan, Romania, Slovakia, Slovenia và Thụy Sỹ do Chính phủ ban hành",https://thuvienphapluat.vn/van-ban/Quyen-dan-su/Nghi-quyet-229-NQ-CP-2025-mien-thi-thuc-theo-Chuong-trinh-kich-cau-phat-trien-du-lich-cong-dan-Bi-668704.aspx,Ban hành: 08/08/2025,08/08/2025
99,"Nghị quyết 225/NQ-CP năm 2025 điều chỉnh dự toán chi ngân sách Nhà nước từ Bộ Xây dựng về Ủy ban nhân dân các tỉnh, thành phố trực thuộc trung ương do Chính phủ ban hành",https://thuvienphapluat.vn/van-ban/Tai-chinh-nha-nuoc/Nghi-quyet-225-NQ-CP-2025-dieu-chinh-du-toan-chi-ngan-sach-Nha-nuoc-tu-Bo-Xay-dung-668723.aspx,Ban hành: 05/08/2025,05/08/2025
100,"Nghị quyết 226/NQ-CP về Mục tiêu tăng trưởng các ngành, lĩnh vực, địa phương và các nhiệm vụ, giải pháp trọng tâm để bảo đảm tăng trưởng cả nước năm 2025 đạt 8,3 - 8,5% do Chính phủ ban hành",https://thuvienphapluat.vn/van-ban/Thuong-mai/Nghi-quyet-226-NQ-CP-2025-muc-tieu-tang-truong-cac-nganh-linh-vuc-dat-8-5-668352.aspx,Ban hành: 05/08/2025,05/08/2025
101,Nghị quyết 92/2025/UBTVQH15 điều chỉnh Chương trình lập pháp năm 2025 do Ủy ban Thường vụ Quốc hội ban hành,https://thuvienphapluat.vn/van-ban/Bo-may-hanh-chinh/Nghi-quyet-92-2025-UBTVQH15-dieu-chinh-Chuong-trinh-lap-phap-668351.aspx,Ban hành: 01/08/2025,01/08/2025
102,Nghị quyết 223/NQ-CP Phiên họp chuyên đề về xây dựng pháp luật tháng 7 năm 2025 do Chính phủ ban hành,https://thuvienphapluat.vn/van-ban/Bo-may-hanh-chinh/Nghi-quyet-223-NQ-CP-2025-Phien-hop-chuyen-de-ve-xay-dung-phap-luat-thang-7-667555.aspx,Ban hành: 31/07/2025,31/07/2025
103,Nghị quyết 214/NQ-CP năm 2025 về Kế hoạch hành động của Chính phủ về thúc đẩy tạo lập dữ liệu phục vụ chuyển đổi số toàn diện,https://thuvienphapluat.vn/van-ban/Cong-nghe-thong-tin/Nghi-quyet-214-NQ-CP-2025-thuc-day-tao-lap-du-lieu-phuc-vu-chuyen-doi-so-toan-dien-666461.aspx,Ban hành: 23/07/2025,23/07/2025
104,"Nghị quyết 66.1/2025/NQ-CP quy định xử lý khó khăn, vướng mắc về lập mới, điều chỉnh và phê duyệt quy hoạch phân khu đối với khu vực hình thành đô thị khi thực hiện sắp xếp đơn vị hành chính các cấp và tổ chức chính quyền địa phương 02 cấp do Chính phủ ban hành",https://thuvienphapluat.vn/van-ban/Bo-may-hanh-chinh/Nghi-quyet-66-1-2025-NQ-CP-xu-ly-kho-khan-lap-moi-quy-hoach-phan-khu-sap-xep-don-vi-hanh-chinh-665687.aspx,Ban hành: 18/07/2025,18/07/2025
105,"Nghị quyết 1767/NQ-UBTVQH15 năm 2025 bổ sung dự toán thu ngân sách nhà nước năm 2024; phân bổ, sử dụng nguồn tăng thu ngân sách trung ương năm 2024 do Ủy ban Thường vụ Quốc hội ban hành",https://thuvienphapluat.vn/van-ban/Tai-chinh-nha-nuoc/Nghi-quyet-1767-NQ-UBTVQH15-2025-bo-sung-du-toan-thu-ngan-sach-nha-nuoc-nam-2024-669054.aspx,Ban hành: 16/07/2025,16/07/2025
106,Nghị quyết 87/2025/UBTVQH15 điều chỉnh Chương trình lập pháp do Ủy ban Thường vụ Quốc hội ban hành,https://thuvienphapluat.vn/van-ban/Bo-may-hanh-chinh/Nghi-quyet-87-2025-UBTVQH15-dieu-chinh-Chuong-trinh-lap-phap-665764.aspx,Ban hành: 10/07/2025,10/07/2025
107,Nghị quyết 90/2025/UBTVQH15 sửa đổi Quy chế làm việc của Ủy ban Thường vụ Quốc hội kèm theo Nghị quyết 29/2022/UBTVQH15,https://thuvienphapluat.vn/van-ban/Bo-may-hanh-chinh/Nghi-quyet-90-2025-UBTVQH15-sua-doi-Quy-che-lam-viec-cua-Uy-ban-Thuong-vu-Quoc-hoi-665771.aspx,Ban hành: 10/07/2025,10/07/2025
108,"Nghị quyết 89/2025/UBTVQH15 về mức chi tổ chức và hoạt động bảo hiểm xã hội, bảo hiểm thất nghiệp giai đoạn 2025-2027 do Ủy ban Thường vụ Quốc hội ban hành",https://thuvienphapluat.vn/van-ban/Bao-hiem/Nghi-quyet-89-2025-UBTVQH15-muc-chi-to-chuc-va-hoat-dong-bao-hiem-xa-hoi-2025-2027-666095.aspx,Ban hành: 10/07/2025,10/07/2025
109,Nghị quyết 88/2025/UBTVQH15 quy định về bộ máy giúp việc của Hội đồng bầu cử quốc gia do Ủy ban Thường vụ Quốc hội ban hành,https://thuvienphapluat.vn/van-ban/Bo-may-hanh-chinh/Nghi-quyet-88-2025-UBTVQH15-quy-dinh-bo-may-giup-viec-cua-Hoi-dong-bau-cu-quoc-gia-664676.aspx,Ban hành: 10/07/2025,10/07/2025
110,Nghị quyết 206/NQ-CP năm 2025 về kinh phí mua và sử dụng vắc xin phòng COVID-19 từ nguồn ngân sách Nhà nước và xử lý số dư Quỹ vắc xin phòng COVID-19 do Chính phủ ban hành,https://thuvienphapluat.vn/van-ban/Tai-chinh-nha-nuoc/Nghi-quyet-206-NQ-CP-2025-kinh-phi-mua-vac-xin-phong-COVID-19-tu-nguon-ngan-sach-Nha-nuoc-664515.aspx,Ban hành: 08/07/2025,08/07/2025
111,"Nghị quyết 91/2025/UBTVQH15 sửa đổi Nghị quyết 31/2023/UBTVQH15 quy định, hướng dẫn điều khoản của Nội quy kỳ họp Quốc hội do Ủy ban Thường vụ Quốc hội ban hành",https://thuvienphapluat.vn/van-ban/Bo-may-hanh-chinh/Nghi-quyet-91-2025-UBTVQH15-sua-doi-Nghi-quyet-31-2023-UBTVQH15-665772.aspx,Ban hành: 08/07/2025,08/07/2025
112,Nghị quyết 205/NQ-CP về Phiên họp Chính phủ thường kỳ tháng 6 năm 2025 và Hội nghị trực tuyến Chính phủ với địa phương,https://thuvienphapluat.vn/van-ban/Bo-may-hanh-chinh/Nghi-quyet-205-NQ-CP-2025-Phien-hop-Chinh-phu-thuong-ky-thang-6-va-Hoi-nghi-truc-tuyen-voi-dia-phuong-664803.aspx,Ban hành: 06/07/2025,06/07/2025
113,Nghị quyết 1749/NQ-UBTVQH15 năm 2025 về công tác quản lý cán bộ đối với đại biểu Quốc hội hoạt động chuyên trách do Ủy ban Thường vụ Quốc hội ban hành,https://thuvienphapluat.vn/van-ban/Bo-may-hanh-chinh/Nghi-quyet-1749-NQ-UBTVQH15-2025-cong-tac-quan-ly-can-bo-dai-bieu-Quoc-hoi-hoat-dong-chuyen-trach-664685.aspx,Ban hành: 01/07/2025,01/07/2025
114,"Nghị quyết 227/2025/QH15 về Kỳ họp thứ 9, Quốc hội khóa XV do Quốc hội ban hành",https://thuvienphapluat.vn/van-ban/Bo-may-hanh-chinh/Nghi-quyet-227-2025-QH15-Ky-hop-thu-9-Quoc-hoi-khoa-XV-663627.aspx,Ban hành: 27/06/2025,27/06/2025
115,"Nghị quyết 01/2025/NQ-HĐTP hướng dẫn áp dụng quy định về tiếp nhận nhiệm vụ, thực hiện thẩm quyền của các Tòa án nhân dân do Hội đồng Thẩm phán Toà án nhân dân tối cao ban hành",https://thuvienphapluat.vn/van-ban/Thu-tuc-To-tung/Nghi-quyet-01-2025-NQ-HDTP-huong-dan-ap-dung-tiep-nhan-nhiem-vu-cua-cac-Toa-an-nhan-dan-659997.aspx,Ban hành: 27/06/2025,27/06/2025
116,"Nghị quyết 85/2025/UBTVQH15 phê chuẩn đề nghị của Chánh án Tòa án nhân dân tối cao về việc thành lập các Tòa Phúc thẩm, cục, vụ và tương đương, cơ quan báo chí của Tòa án nhân dân tối cao do Ủy ban Thường vụ Quốc hội ban hành",https://thuvienphapluat.vn/van-ban/Bo-may-hanh-chinh/Nghi-quyet-85-2025-UBTVQH15-phe-chuan-thanh-lap-Toa-Phuc-tham-Toa-an-nhan-dan-toi-cao-663716.aspx,Ban hành: 27/06/2025,27/06/2025
117,Nghị quyết 222/2025/QH15 về Trung tâm tài chính quốc tế tại Việt Nam do Quốc hội ban hành,https://thuvienphapluat.vn/van-ban/Tai-chinh-nha-nuoc/Nghi-quyet-222-2025-QH15-Trung-tam-tai-chinh-quoc-te-tai-Viet-Nam-663581.aspx,Ban hành: 27/06/2025,27/06/2025
118,"Nghị quyết 84/2025/UBTVQH15 thành lập Viện kiểm sát nhân dân cấp tỉnh, Viện kiểm sát nhân dân khu vực; quy định phạm vi thẩm quyền theo lãnh thổ của Viện kiểm sát nhân dân khu vực do Ủy ban Thường vụ Quốc hội ban hành",https://thuvienphapluat.vn/van-ban/Bo-may-hanh-chinh/Nghi-quyet-84-2025-UBTVQH15-thanh-lap-Vien-kiem-sat-nhan-dan-cap-tinh-Vien-kiem-sat-nhan-dan-khu-vuc-663715.aspx,Ban hành: 27/06/2025,27/06/2025
119,"Nghị quyết 81/2025/UBTVQH15 thành lập Tòa án nhân dân cấp tỉnh, Tòa án nhân dân khu vực, quy định phạm vi thẩm quyền theo lãnh thổ của Tòa án nhân dân cấp tỉnh, Tòa án nhân dân khu vực do Ủy ban Thường vụ Quốc hội ban hành",https://thuvienphapluat.vn/van-ban/Bo-may-hanh-chinh/Nghi-quyet-81-2025-UBTVQH15-thanh-lap-Toa-an-nhan-dan-cap-tinh-Toa-an-nhan-dan-khu-vuc-662791.aspx,Ban hành: 27/06/2025,27/06/2025
120,Nghị quyết 1745/NQ-UBTVQH15 năm 2025 phê chuẩn đề nghị của Viện trưởng Viện kiểm sát nhân dân tối cao về bộ máy làm việc của Viện kiểm sát nhân dân tối cao do Ủy ban Thường vụ Quốc hội ban hành,https://thuvienphapluat.vn/van-ban/Bo-may-hanh-chinh/Nghi-quyet-1745-NQ-UBTVQH15-2025-phe-chuan-de-nghi-ve-bo-may-lam-viec-cua-Vien-kiem-sat-toi-cao-662876.aspx,Ban hành: 27/06/2025,27/06/2025
121,"Nghị quyết 193/NQ-CP năm 2025 về Chương trình hành động thực hiện Quy định 189-QĐ/TW kiểm soát quyền lực, phòng, chống tham nhũng, tiêu cực trong quản lý, sử dụng tài chính, tài sản công do Chính phủ ban hành",https://thuvienphapluat.vn/van-ban/Bo-may-hanh-chinh/Nghi-quyet-193-NQ-CP-2025-phong-chong-tham-nhung-trong-quan-ly-su-dung-tai-san-cong-662982.aspx,Ban hành: 27/06/2025,27/06/2025
122,Nghị quyết 223/2025/QH15 bổ sung dự toán thu ngân sách nhà nước và phê chuẩn quyết toán ngân sách nhà nước năm 2023 do Quốc hội ban hành,https://thuvienphapluat.vn/van-ban/Tai-chinh-nha-nuoc/Nghi-quyet-223-2025-QH15-bo-sung-du-toan-thu-ngan-sach-nha-nuoc-664704.aspx,Ban hành: 27/06/2025,27/06/2025
123,"Nghị quyết 224/2025/QH15 về chất vấn tại Kỳ họp thứ 9, Quốc hội khóa XV do Quốc hội ban hành",https://thuvienphapluat.vn/van-ban/Bo-may-hanh-chinh/Nghi-quyet-224-2025-QH15-ve-chat-van-tai-Ky-hop-thu-9-Quoc-hoi-khoa-XV-663626.aspx,Ban hành: 27/06/2025,27/06/2025
124,Nghị quyết 02/2025/NQ-HĐTP sửa đổi một số Nghị quyết của Hội đồng Thẩm phán Tòa án nhân dân tối cao,https://thuvienphapluat.vn/van-ban/Bo-may-hanh-chinh/Nghi-quyet-02-2025-NQ-HDTP-sua-doi-mot-so-Nghi-quyet-cua-Hoi-dong-Tham-phan-Toa-an-toi-cao-663113.aspx,Ban hành: 27/06/2025,27/06/2025
125,Nghị quyết 220/2025/QH15 chủ trương đầu tư Dự án đầu tư xây dựng đường Vành đai 4 Thành phố Hồ Chí Minh do Quốc hội ban hành,https://thuvienphapluat.vn/van-ban/Xay-dung-Do-thi/Nghi-quyet-220-2025-QH15-chu-truong-dau-tu-Du-an-dau-tu-xay-dung-duong-Vanh-dai-4-Ho-Chi-Minh-664689.aspx,Ban hành: 27/06/2025,27/06/2025
126,Nghị quyết 219/2025/QH15 về chủ trương đầu tư Dự án đầu tư xây dựng đường bộ cao tốc Quy Nhơn - Pleiku do Quốc hội ban hành,https://thuvienphapluat.vn/van-ban/Dau-tu/Nghi-quyet-219-2025-QH15-chu-truong-dau-tu-Du-an-dau-tu-xay-dung-duong-bo-cao-toc-Quy-Nhon-Pleiku-664688.aspx,Ban hành: 27/06/2025,27/06/2025
127,Nghị quyết 221/2025/QH15 điều chỉnh chủ trương đầu tư Dự án đầu tư xây dựng đường bộ cao tốc Biên Hòa - Vũng Tàu giai đoạn 1 do Quốc hội ban hành,https://thuvienphapluat.vn/van-ban/Dau-tu/Nghi-quyet-221-2025-QH15-dieu-chinh-chu-truong-dau-tu-xay-dung-duong-bo-cao-toc-Bien-Hoa-Vung-Tau-664690.aspx,Ban hành: 27/06/2025,27/06/2025
128,"Nghị quyết 225/2025/QH15 thi hành Luật Tổ chức Tòa án nhân dân sửa đổi, Luật Tổ chức Viện kiểm sát nhân dân sửa đổi, các Luật Tố tụng và Luật khác có liên quan do Quốc hội ban hành",https://thuvienphapluat.vn/van-ban/Bo-may-hanh-chinh/Nghi-quyet-225-2025-QH15-thi-hanh-Luat-To-chuc-Toa-an-nhan-dan-sua-doi-662842.aspx,Ban hành: 27/06/2025,27/06/2025
129,"Nghị quyết 83/2025/UBTVQH15 về Quy chế hoạt động của Hội đồng tuyển chọn, giám sát Thẩm phán quốc gia do Ủy ban Thường vụ Quốc hội ban hành",https://thuvienphapluat.vn/van-ban/Bo-may-hanh-chinh/Nghi-quyet-83-2025-UBTVQH15-Quy-che-hoat-dong-Hoi-dong-tuyen-chon-Tham-phan-quoc-gia-663714.aspx,Ban hành: 27/06/2025,27/06/2025
130,"Nghị quyết 82/2025/UBTVQH15 sửa đổi Nghị quyết quy định về bậc, điều kiện của từng bậc, việc nâng bậc và số lượng, cơ cấu tỷ lệ các bậc Thẩm phán Tòa án nhân dân do Ủy ban Thường vụ Quốc hội ban hành",https://thuvienphapluat.vn/van-ban/Bo-may-hanh-chinh/Nghi-quyet-82-2025-UBTVQH15-sua-doi-Nghi-quyet-dieu-kien-cua-tung-bac-Tham-phan-Toa-an-nhan-dan-623011.aspx,Ban hành: 27/06/2025,27/06/2025
131,"Nghị quyết 226/2025/QH15​ thí điểm cơ chế, chính sách đặc thù phát triển thành phố Hải Phòng do Quốc hội ban hành",https://thuvienphapluat.vn/van-ban/Bo-may-hanh-chinh/Nghi-quyet-226-2025-QH15%e2%80%8b-thi-diem-mot-so-co-che-chinh-sach-dac-thu-phat-trien-thanh-pho-Hai-Phong-662920.aspx,Ban hành: 27/06/2025,27/06/2025
132,Nghị quyết 216/2025/QH15 về kéo dài thời hạn miễn thuế sử dụng đất nông nghiệp do Quốc hội ban hành,https://thuvienphapluat.vn/van-ban/Thue-Phi-Le-Phi/Nghi-quyet-216-2025-QH15-keo-dai-thoi-han-mien-thue-su-dung-dat-nong-nghiep-436359.aspx,Ban hành: 26/06/2025,26/06/2025
133,"Nghị quyết 217/2025/QH15 về miễn, hỗ trợ học phí đối với trẻ em mầm non, học sinh phổ thông, người học chương trình giáo dục phổ thông trong cơ sở giáo dục thuộc hệ thống giáo dục quốc dân do Quốc hội ban hành",https://thuvienphapluat.vn/van-ban/Giao-duc/Nghi-quyet-217-2025-QH15-mien-hoc-phi-doi-voi-tre-em-mam-non-hoc-sinh-trung-hoc-co-so-650944.aspx,Ban hành: 26/06/2025,26/06/2025
134,Nghị quyết 191/NQ-CP Phiên họp chuyên đề về xây dựng pháp luật tháng 6 năm 2025 do Chính phủ ban hành,https://thuvienphapluat.vn/van-ban/Bo-may-hanh-chinh/Nghi-quyet-191-NQ-CP-2025-phien-hop-chuyen-de-xay-dung-phap-luat-thang-6-662705.aspx,Ban hành: 26/06/2025,26/06/2025
135,"Nghị quyết 190/NQ-CP năm 2025 về con dấu của các cơ quan chuyên môn thuộc Ủy ban nhân dân xã, phường, đặc khu thuộc tỉnh, thành phố trực thuộc trung ương do Chính phủ ban hành",https://thuvienphapluat.vn/van-ban/Bo-may-hanh-chinh/Nghi-quyet-190-NQ-CP-2025-con-dau-cac-co-quan-chuyen-mon-thuoc-Uy-ban-nhan-dan-xa-662725.aspx,Ban hành: 26/06/2025,26/06/2025
136,Nghị quyết 218/2025/QH15 về phổ cập giáo dục mầm non cho trẻ em từ 3 đến 5 tuổi do Quốc hội ban hành,https://thuvienphapluat.vn/van-ban/Giao-duc/Nghi-quyet-218-2025-QH15-pho-cap-giao-duc-mam-non-cho-tre-em-tu-3-den-5-tuoi-631956.aspx,Ban hành: 26/06/2025,26/06/2025
137,Nghị quyết 211/2025/QH15 thành lập Hội đồng bầu cử quốc gia do Quốc hội ban hành,https://thuvienphapluat.vn/van-ban/Bo-may-hanh-chinh/Nghi-quyet-211-2025-QH15-thanh-lap-Hoi-dong-bau-cu-quoc-gia-662910.aspx,Ban hành: 25/06/2025,25/06/2025
138,Nghị quyết 210/2025/QH15 về số thành viên Ủy ban Thường vụ Quốc hội khóa XV do Quốc hội ban hành,https://thuvienphapluat.vn/van-ban/Bo-may-hanh-chinh/Nghi-quyet-210-2025-QH15-so-thanh-vien-Uy-ban-Thuong-vu-Quoc-hoi-khoa-XV-662911.aspx,Ban hành: 25/06/2025,25/06/2025
139,Nghị quyết 208/2025/QH15 sửa đổi Nội quy kỳ họp Quốc hội kèm theo Nghị quyết 71/2022/QH15,https://thuvienphapluat.vn/van-ban/Bo-may-hanh-chinh/Nghi-quyet-208-2025-QH15-sua-doi-Nghi-quyet-71-2022-QH15-Noi-quy-ky-hop-Quoc-hoi-662769.aspx,Ban hành: 25/06/2025,25/06/2025
140,"Nghị quyết 186/NQ-CP năm 2025 sáp nhập Tổng công ty Dịch vụ Viễn thông, Tổng công ty Truyền thông vào Công ty Mẹ - Tập đoàn Bưu chính Viễn thông Việt Nam do Chính phủ ban hành",https://thuvienphapluat.vn/van-ban/Doanh-nghiep/Nghi-quyet-186-NQ-CP-2025-sap-nhap-Tong-cong-ty-Dich-vu-Vien-thong-Tong-cong-ty-Truyen-thong-662583.aspx,Ban hành: 25/06/2025,25/06/2025
141,Nghị quyết 207/2025/QH15 về Chương trình giám sát của Quốc hội năm 2026,https://thuvienphapluat.vn/van-ban/Bo-may-hanh-chinh/Nghi-quyet-207-2025-QH15-Chuong-trinh-giam-sat-cua-Quoc-hoi-nam-2026-662782.aspx,Ban hành: 24/06/2025,24/06/2025
142,Nghị quyết 205/2025/QH15 thí điểm Viện Kiểm sát nhân dân khởi kiện vụ án dân sự để bảo vệ quyền dân sự của các chủ thể là nhóm dễ bị tổn thương hoặc bảo vệ lợi ích công do Quốc hội ban hành,https://thuvienphapluat.vn/van-ban/Thu-tuc-To-tung/Nghi-quyet-205-2025-QH15-thi-diem-Vien-Kiem-sat-khoi-kien-vu-an-dan-su-bao-ve-chu-the-de-bi-ton-thuong-662747.aspx,Ban hành: 24/06/2025,24/06/2025
143,"Nghị quyết 206/2025/QH15 về cơ chế đặc biệt xử lý khó khăn, vướng mắc do quy định của pháp luật do Quốc hội ban hành",https://thuvienphapluat.vn/van-ban/Bo-may-hanh-chinh/Nghi-quyet-206-2025-QH15-co-che-dac-biet-xu-ly-kho-khan-vuong-mac-do-quy-dinh-cua-phap-luat-662225.aspx,Ban hành: 24/06/2025,24/06/2025
144,Nghị quyết 204/2025/QH15 giảm thuế giá trị gia tăng do Quốc hội ban hành,https://thuvienphapluat.vn/van-ban/Thue-Phi-Le-Phi/Nghi-quyet-204-2025-QH15-giam-thue-gia-tri-gia-tang-662685.aspx,Ban hành: 17/06/2025,17/06/2025
145,"Nghị quyết 175/NQ-CP năm 2025 dự thảo Nghị quyết về cơ chế xử lý khó khăn, vướng mắc do quy định của pháp luật do Chính phủ ban hành",https://thuvienphapluat.vn/van-ban/Bo-may-hanh-chinh/Nghi-quyet-175-NQ-CP-2025-du-thao-Nghi-quyet-ve-co-che-xu-ly-kho-khan-do-quy-dinh-cua-phap-luat-662734.aspx,Ban hành: 17/06/2025,17/06/2025
146,Nghị quyết 1679/NQ-UBTVQH15 sắp xếp các đơn vị hành chính cấp xã của tỉnh Quảng Ninh năm 2025 do Ủy ban Thường vụ Quốc hội ban hành,https://thuvienphapluat.vn/van-ban/Bo-may-hanh-chinh/Nghi-quyet-1679-NQ-UBTVQH15-2025-sap-xep-cac-don-vi-hanh-chinh-cap-xa-Quang-Ninh-661115.aspx,Ban hành: 16/06/2025,16/06/2025
147,Nghị quyết 1684/NQ-UBTVQH15 sắp xếp các đơn vị hành chính cấp xã của tỉnh Tuyên Quang năm 2025 do Ủy ban Thường vụ Quốc hội ban hành,https://thuvienphapluat.vn/van-ban/Bo-may-hanh-chinh/Nghi-quyet-1684-NQ-UBTVQH15-2025-sap-xep-cac-don-vi-hanh-chinh-cap-xa-Tuyen-Quang-661120.aspx,Ban hành: 16/06/2025,16/06/2025
148,Nghị quyết 1682/NQ-UBTVQH15 sắp xếp các đơn vị hành chính cấp xã của tỉnh Tây Ninh năm 2025 do Ủy ban Thường vụ Quốc hội ban hành,https://thuvienphapluat.vn/van-ban/Bo-may-hanh-chinh/Nghi-quyet-1682-NQ-UBTVQH15-2025-sap-xep-cac-don-vi-hanh-chinh-cap-xa-Tay-Ninh-661118.aspx,Ban hành: 16/06/2025,16/06/2025
149,Nghị quyết 1678/NQ-UBTVQH15 sắp xếp các đơn vị hành chính cấp xã của tỉnh Nghệ An năm 2025 do Ủy ban Thường vụ Quốc hội ban hành,https://thuvienphapluat.vn/van-ban/Bo-may-hanh-chinh/Nghi-quyet-1678-NQ-UBTVQH15-2025-sap-xep-cac-don-vi-hanh-chinh-cap-xa-Nghe-An-661114.aspx,Ban hành: 16/06/2025,16/06/2025
150,Nghị quyết 1676/NQ-UBTVQH15 sắp xếp các đơn vị hành chính cấp xã của tỉnh Phú Thọ năm 2025 do Ủy ban Thường vụ Quốc hội ban hành,https://thuvienphapluat.vn/van-ban/Bo-may-hanh-chinh/Nghi-quyet-1676-NQ-UBTVQH15-2025-sap-xep-cac-don-vi-hanh-chinh-cap-xa-Phu-Tho-661112.aspx,Ban hành: 16/06/2025,16/06/2025
151,Nghị quyết 1674/NQ-UBTVQH15 sắp xếp các đơn vị hành chính cấp xã của tỉnh Ninh Bình năm 2025 do Ủy ban Thường vụ Quốc hội ban hành,https://thuvienphapluat.vn/van-ban/Bo-may-hanh-chinh/Nghi-quyet-1674-NQ-UBTVQH15-2025-sap-xep-cac-don-vi-hanh-chinh-cap-xa-Ninh-Binh-661110.aspx,Ban hành: 16/06/2025,16/06/2025
152,Nghị quyết 1672/NQ-UBTVQH15 sắp xếp các đơn vị hành chính cấp xã của tỉnh Lạng Sơn năm 2025 do Ủy ban Thường vụ Quốc hội ban hành,https://thuvienphapluat.vn/van-ban/Bo-may-hanh-chinh/Nghi-quyet-1672-NQ-UBTVQH15-2025-sap-xep-cac-don-vi-hanh-chinh-cap-xa-Lang-Son-661108.aspx,Ban hành: 16/06/2025,16/06/2025
153,Nghị quyết 1667/NQ-UBTVQH15 sắp xếp các đơn vị hành chính cấp xã của tỉnh Khánh Hòa năm 2025 do Ủy ban Thường vụ Quốc hội ban hành,https://thuvienphapluat.vn/van-ban/Bo-may-hanh-chinh/Nghi-quyet-1667-NQ-UBTVQH15-2025-sap-xep-cac-don-vi-hanh-chinh-cap-xa-Khanh-Hoa-661103.aspx,Ban hành: 16/06/2025,16/06/2025
154,Nghị quyết 1686/NQ-UBTVQH15 sắp xếp các đơn vị hành chính cấp xã của tỉnh Thanh Hóa năm 2025 do Ủy ban Thường vụ Quốc hội ban hành,https://thuvienphapluat.vn/van-ban/Bo-may-hanh-chinh/Nghi-quyet-1686-NQ-UBTVQH15-2025-sap-xep-cac-don-vi-hanh-chinh-cap-xa-Thanh-Hoa-661125.aspx,Ban hành: 16/06/2025,16/06/2025
155,Nghị quyết 1687/NQ-UBTVQH15 sắp xếp các đơn vị hành chính cấp xã của tỉnh Vĩnh Long năm 2025 do Ủy ban Thường vụ Quốc hội ban hành,https://thuvienphapluat.vn/van-ban/Bo-may-hanh-chinh/Nghi-quyet-1687-NQ-UBTVQH15-2025-sap-xep-cac-don-vi-hanh-chinh-cap-xa-Vinh-Long-661126.aspx,Ban hành: 16/06/2025,16/06/2025
156,Nghị quyết 1673/NQ-UBTVQH15 sắp xếp các đơn vị hành chính cấp xã của tỉnh Lào Cai năm 2025 do Ủy ban Thường vụ Quốc hội ban hành,https://thuvienphapluat.vn/van-ban/Bo-may-hanh-chinh/Nghi-quyet-1673-NQ-UBTVQH15-2025-sap-xep-cac-don-vi-hanh-chinh-cap-xa-Lao-Cai-661109.aspx,Ban hành: 16/06/2025,16/06/2025
157,Nghị quyết 1669/NQ-UBTVQH15 sắp xếp các đơn vị hành chính cấp xã của thành phố Hải Phòng năm 2025 do Ủy ban Thường vụ Quốc hội ban hành,https://thuvienphapluat.vn/van-ban/Bo-may-hanh-chinh/Nghi-quyet-1669-NQ-UBTVQH15-2025-sap-xep-cac-don-vi-hanh-chinh-cap-xa-Hai-Phong-661105.aspx,Ban hành: 16/06/2025,16/06/2025
158,Nghị quyết 1685/NQ-UBTVQH15 sắp xếp các đơn vị hành chính cấp xã của Thành phố Hồ Chí Minh năm 2025 do Ủy ban Thường vụ Quốc hội ban hành,https://thuvienphapluat.vn/van-ban/Bo-may-hanh-chinh/Nghi-quyet-1685-NQ-UBTVQH15-2025-sap-xep-cac-don-vi-hanh-chinh-cap-xa-Ho-Chi-Minh-661124.aspx,Ban hành: 16/06/2025,16/06/2025
159,Nghị quyết 1681/NQ-UBTVQH15 sắp xếp các đơn vị hành chính cấp xã của tỉnh Sơn La năm 2025 do Ủy ban Thường vụ Quốc hội ban hành,https://thuvienphapluat.vn/van-ban/Bo-may-hanh-chinh/Nghi-quyet-1681-NQ-UBTVQH15-2025-sap-xep-cac-don-vi-hanh-chinh-cap-xa-Son-La-661117.aspx,Ban hành: 16/06/2025,16/06/2025
160,Nghị quyết 1680/NQ-UBTVQH15 sắp xếp các đơn vị hành chính cấp xã của tỉnh Quảng Trị năm 2025 do Ủy ban Thường vụ Quốc hội ban hành,https://thuvienphapluat.vn/van-ban/Bo-may-hanh-chinh/Nghi-quyet-1680-NQ-UBTVQH15-2025-sap-xep-cac-don-vi-hanh-chinh-cap-xa-Quang-Tri-661116.aspx,Ban hành: 16/06/2025,16/06/2025
161,Nghị quyết 203/2025/QH15 sửa đổi Hiến pháp nước Cộng hòa xã hội chủ nghĩa Việt Nam do Quốc hội ban hành,https://thuvienphapluat.vn/van-ban/Bo-may-hanh-chinh/Nghi-quyet-203-2025-QH15-sua-doi-Hien-phap-nuoc-Cong-hoa-xa-hoi-chu-nghia-Viet-Nam-655275.aspx,Ban hành: 16/06/2025,16/06/2025
162,Nghị quyết 1656/NQ-UBTVQH15 sắp xếp các đơn vị hành chính cấp xã của Thành phố Hà Nội năm 2025 do Ủy ban Thường vụ Quốc hội ban hành,https://thuvienphapluat.vn/van-ban/Bo-may-hanh-chinh/Nghi-quyet-1656-NQ-UBTVQH15-2025-sap-xep-cac-don-vi-hanh-chinh-cap-xa-Ha-Noi-661060.aspx,Ban hành: 16/06/2025,16/06/2025
163,Nghị quyết 1671/NQ-UBTVQH15 sắp xếp các đơn vị hành chính cấp xã của tỉnh Lâm Đồng năm 2025 do Ủy ban Thường vụ Quốc hội ban hành,https://thuvienphapluat.vn/van-ban/Bo-may-hanh-chinh/Nghi-quyet-1671-NQ-UBTVQH15-2025-sap-xep-cac-don-vi-hanh-chinh-cap-xa-Lam-Dong-661107.aspx,Ban hành: 16/06/2025,16/06/2025
164,Nghị quyết 1670/NQ-UBTVQH15 sắp xếp các đơn vị hành chính cấp xã của tỉnh Lai Châu năm 2025 do Ủy ban Thường vụ Quốc hội ban hành,https://thuvienphapluat.vn/van-ban/Bo-may-hanh-chinh/Nghi-quyet-1670-NQ-UBTVQH15-2025-sap-xep-cac-don-vi-hanh-chinh-cap-xa-Lai-Chau-661106.aspx,Ban hành: 16/06/2025,16/06/2025
165,Nghị quyết 1666/NQ-UBTVQH15 sắp xếp các đơn vị hành chính cấp xã của tỉnh Hưng Yên năm 2025 do Ủy ban Thường vụ Quốc hội ban hành,https://thuvienphapluat.vn/van-ban/Bo-may-hanh-chinh/Nghi-quyet-1666-NQ-UBTVQH15-2025-sap-xep-cac-don-vi-hanh-chinh-cap-xa-Hung-Yen-661102.aspx,Ban hành: 16/06/2025,16/06/2025
166,Nghị quyết 1675/NQ-UBTVQH15 sắp xếp các đơn vị hành chính cấp xã của thành phố Huế năm 2025 do Ủy ban Thường vụ Quốc hội ban hành,https://thuvienphapluat.vn/van-ban/Bo-may-hanh-chinh/Nghi-quyet-1675-NQ-UBTVQH15-2025-sap-xep-cac-don-vi-hanh-chinh-cap-xa-thanh-pho-Hue-661111.aspx,Ban hành: 16/06/2025,16/06/2025
167,Nghị quyết 1677/NQ-UBTVQH15 sắp xếp các đơn vị hành chính cấp xã của tỉnh Quảng Ngãi năm 2025 do Ủy ban Thường vụ Quốc hội ban hành,https://thuvienphapluat.vn/van-ban/Bo-may-hanh-chinh/Nghi-quyet-1677-NQ-UBTVQH15-2025-sap-xep-cac-don-vi-hanh-chinh-cap-xa-Quang-Ngai-661113.aspx,Ban hành: 16/06/2025,16/06/2025
168,Nghị quyết 1683/NQ-UBTVQH15 sắp xếp các đơn vị hành chính cấp xã của tỉnh Thái Nguyên năm 2025 do Ủy ban Thường vụ Quốc hội ban hành,https://thuvienphapluat.vn/van-ban/Bo-may-hanh-chinh/Nghi-quyet-1683-NQ-UBTVQH15-2025-sap-xep-cac-don-vi-hanh-chinh-cap-xa-Thai-Nguyen-661119.aspx,Ban hành: 16/06/2025,16/06/2025
169,Nghị quyết 1654/NQ-UBTVQH15 sắp xếp các đơn vị hành chính cấp xã của tỉnh An Giang năm 2025 do Ủy ban Thường vụ Quốc hội ban hành,https://thuvienphapluat.vn/van-ban/Bo-may-hanh-chinh/Nghi-quyet-1654-NQ-UBTVQH15-2025-sap-xep-cac-don-vi-hanh-chinh-cap-xa-An-Giang-661057.aspx,Ban hành: 16/06/2025,16/06/2025
170,Nghị quyết 1661/NQ-UBTVQH15 sắp xếp các đơn vị hành chính cấp xã của tỉnh Điện Biên năm 2025 do Ủy ban Thường vụ Quốc hội ban hành,https://thuvienphapluat.vn/van-ban/Bo-may-hanh-chinh/Nghi-quyet-1661-NQ-UBTVQH15-2025-sap-xep-cac-don-vi-hanh-chinh-cap-xa-Dien-Bien-661094.aspx,Ban hành: 16/06/2025,16/06/2025
171,Nghị quyết 1660/NQ-UBTVQH15 sắp xếp các đơn vị hành chính cấp xã của tỉnh Đắk Lắk năm 2025 do Ủy ban Thường vụ Quốc hội ban hành,https://thuvienphapluat.vn/van-ban/Bo-may-hanh-chinh/Nghi-quyet-1660-NQ-UBTVQH15-2025-sap-xep-cac-don-vi-hanh-chinh-cap-xa-Dak-Lak-661064.aspx,Ban hành: 16/06/2025,16/06/2025
172,Nghị quyết 1658/NQ-UBTVQH15 sắp xếp các đơn vị hành chính cấp xã của tỉnh Bắc Ninh năm 2025 do Ủy ban Thường vụ Quốc hội ban hành,https://thuvienphapluat.vn/van-ban/Bo-may-hanh-chinh/Nghi-quyet-1658-NQ-UBTVQH15-2025-sap-xep-cac-don-vi-hanh-chinh-cap-xa-Bac-Ninh-661062.aspx,Ban hành: 16/06/2025,16/06/2025
173,Nghị quyết 1657/NQ-UBTVQH15 sắp xếp các đơn vị hành chính cấp xã của tỉnh Cao Bằng năm 2025 do Ủy ban Thường vụ Quốc hội ban hành,https://thuvienphapluat.vn/van-ban/Bo-may-hanh-chinh/Nghi-quyet-1657-NQ-UBTVQH15-2025-sap-xep-cac-don-vi-hanh-chinh-cap-xa-Cao-Bang-661061.aspx,Ban hành: 16/06/2025,16/06/2025
174,Nghị quyết 1662/NQ-UBTVQH15 sắp xếp các đơn vị hành chính cấp xã của tỉnh Đồng Nai năm 2025 do Ủy ban Thường vụ Quốc hội ban hành,https://thuvienphapluat.vn/van-ban/Bo-may-hanh-chinh/Nghi-quyet-1662-NQ-UBTVQH15-2025-sap-xep-don-vi-hanh-chinh-cap-xa-Dong-Nai-661095.aspx,Ban hành: 16/06/2025,16/06/2025
175,Nghị quyết 1655/NQ-UBTVQH15 sắp xếp các đơn vị hành chính cấp xã của tỉnh Cà Mau năm 2025 do Ủy ban Thường vụ Quốc hội ban hành,https://thuvienphapluat.vn/van-ban/Bo-may-hanh-chinh/Nghi-quyet-1655-NQ-UBTVQH15-2025-sap-xep-don-vi-hanh-chinh-cap-xa-Ca-Mau-661058.aspx,Ban hành: 16/06/2025,16/06/2025
176,Nghị quyết 1668/NQ-UBTVQH15 sắp xếp các đơn vị hành chính cấp xã của thành phố Cần Thơ năm 2025 do Ủy ban Thường vụ Quốc hội ban hành,https://thuvienphapluat.vn/van-ban/Bo-may-hanh-chinh/Nghi-quyet-1668-NQ-UBTVQH15-2025-sap-xep-cac-don-vi-hanh-chinh-cap-xa-cua-thanh-pho-Can-Tho-661104.aspx,Ban hành: 16/06/2025,16/06/2025
177,Nghị quyết 1663/NQ-UBTVQH15 sắp xếp các đơn vị hành chính cấp xã của tỉnh Đồng Tháp năm 2025 do Ủy ban Thường vụ Quốc hội ban hành,https://thuvienphapluat.vn/van-ban/Bo-may-hanh-chinh/Nghi-quyet-1663-NQ-UBTVQH15-2025-sap-xep-cac-don-vi-hanh-chinh-cap-xa-Dong-Thap-661096.aspx,Ban hành: 16/06/2025,16/06/2025
178,Nghị quyết 1659/NQ-UBTVQH15 sắp xếp các đơn vị hành chính cấp xã của thành phố Đà Nẵng năm 2025 do Ủy ban Thường vụ Quốc hội ban hành,https://thuvienphapluat.vn/van-ban/Bo-may-hanh-chinh/Nghi-quyet-1659-NQ-UBTVQH15-2025-sap-xep-cac-don-vi-hanh-chinh-cap-xa-thanh-pho-Da-Nang-661063.aspx,Ban hành: 16/06/2025,16/06/2025
179,Nghị quyết 1665/NQ-UBTVQH15 sắp xếp các đơn vị hành chính cấp xã của tỉnh Hà Tĩnh năm 2025 do Ủy ban Thường vụ Quốc hội ban hành,https://thuvienphapluat.vn/van-ban/Bo-may-hanh-chinh/Nghi-quyet-1665-NQ-UBTVQH15-2025-sap-xep-cac-don-vi-hanh-chinh-cap-xa-Ha-Tinh-661101.aspx,Ban hành: 16/06/2025,16/06/2025
180,Nghị quyết 1664/NQ-UBTVQH15 sắp xếp các đơn vị hành chính cấp xã của tỉnh Gia Lai năm 2025 do Ủy ban Thường vụ Quốc hội ban hành,https://thuvienphapluat.vn/van-ban/Bo-may-hanh-chinh/Nghi-quyet-1664-NQ-UBTVQH15-2025-sap-xep-cac-don-vi-hanh-chinh-cap-xa-Gia-Lai-661097.aspx,Ban hành: 16/06/2025,16/06/2025
181,"Nghị quyết 173/NQ-CP về phạm vi, đối tượng tiết kiệm chi thường xuyên dự toán năm 2025 do Chính phủ ban hành",https://thuvienphapluat.vn/van-ban/Tai-chinh-nha-nuoc/Nghi-quyet-173-NQ-CP-2025-pham-vi-doi-tuong-tiet-kiem-chi-thuong-xuyen-du-toan-660909.aspx,Ban hành: 13/06/2025,13/06/2025
182,Nghị quyết 202/2025/QH15 sắp xếp đơn vị hành chính cấp tỉnh do Quốc hội ban hành,https://thuvienphapluat.vn/van-ban/Bo-may-hanh-chinh/Nghi-quyet-202-2025-QH15-sap-xep-don-vi-hanh-chinh-cap-tinh-648951.aspx,Ban hành: 12/06/2025,12/06/2025
183,Nghị quyết 02/2025/NQ-CP áp dụng cơ chế đặc thù trong khai thác khoáng sản do Chính phủ ban hành,https://thuvienphapluat.vn/van-ban/Tai-nguyen-Moi-truong/Nghi-quyet-02-2025-NQ-CP-ap-dung-co-che-dac-thu-trong-khai-thac-khoang-san-660723.aspx,Ban hành: 11/06/2025,11/06/2025
184,Nghị quyết 168/NQ-CP năm 2025 áp dụng cơ chế đặc thù trong khai thác khoáng sản do Chính phủ ban hành,https://thuvienphapluat.vn/van-ban/Tai-nguyen-Moi-truong/Nghi-quyet-168-NQ-CP-2025-ap-dung-co-che-dac-thu-trong-khai-thac-khoang-san-660471.aspx,Ban hành: 11/06/2025,11/06/2025
185,Nghị quyết 164/NQ-CP năm 2025 về Dự án Luật Đường sắt (sửa đổi) do Chính phủ ban hành,https://thuvienphapluat.vn/van-ban/Bo-may-hanh-chinh/Nghi-quyet-164-NQ-CP-2025-Du-an-Luat-Duong-sat-sua-doi-660323.aspx,Ban hành: 09/06/2025,09/06/2025
186,Nghị quyết 162/NQ-CP về Phiên họp Chính phủ thường kỳ tháng 5 năm 2025,https://thuvienphapluat.vn/van-ban/Bo-may-hanh-chinh/Nghi-quyet-162-NQ-CP-2025-Phien-hop-Chinh-phu-thuong-ky-thang-5-660716.aspx,Ban hành: 07/06/2025,07/06/2025
187,"Nghị quyết 79/2025/UBTVQH15 sửa đổi Nghị quyết 44/2024/UBTVQH15 quy định về thi đua, khen thưởng đối với đại biểu Quốc hội, các cơ quan của Quốc hội, các cơ quan thuộc Ủy ban Thường vụ Quốc hội và cán bộ, công chức thuộc thẩm quyền quản lý của Ủy ban Thường vụ Quốc hội",https://thuvienphapluat.vn/van-ban/Bo-may-hanh-chinh/Nghi-quyet-79-2025-UBTVQH15-sua-doi-Nghi-quyet-44-2024-UBTVQH15-khen-thuong-dai-bieu-Quoc-hoi-664758.aspx,Ban hành: 06/06/2025,06/06/2025
188,Nghị quyết 158/NQ-CP Phiên họp chuyên đề về xây dựng pháp luật tháng 5 năm 2025 do Chính phủ ban hành,https://thuvienphapluat.vn/van-ban/Bo-may-hanh-chinh/Nghi-quyet-158-NQ-CP-2025-Phien-hop-chuyen-de-xay-dung-phap-luat-thang-5-659438.aspx,Ban hành: 03/06/2025,03/06/2025
189,"Nghị quyết 155/NQ-CP năm 2025 về Kế hoạch của Chính phủ triển khai Nghị quyết 201/2025/QH15 về thí điểm cơ chế, chính sách đặc thù phát triển nhà ở xã hội",https://thuvienphapluat.vn/van-ban/Xay-dung-Do-thi/Nghi-quyet-155-NQ-CP-2025-Ke-hoach-trien-khai-Nghi-quyet-201-2025-QH15-659361.aspx,Ban hành: 01/06/2025,01/06/2025
190,Nghị quyết 01/2025/NQ-CP đầu tư mở rộng Cảng hàng không quốc tế Phú Quốc do Chính phủ ban hành,https://thuvienphapluat.vn/van-ban/Dau-tu/Nghi-quyet-01-2025-NQ-CP-dau-tu-mo-rong-Cang-hang-khong-quoc-te-Phu-Quoc-659120.aspx,Ban hành: 01/06/2025,01/06/2025
191,Nghị quyết 153/NQ-CP năm 2025 về Chương trình hành động thực hiện Nghị quyết 59-NQ/TW về Hội nhập quốc tế trong tình hình mới do Chính phủ ban hành,https://thuvienphapluat.vn/van-ban/Doanh-nghiep/Nghi-quyet-153-NQ-CP-2025-chuong-trinh-thuc-hien-Nghi-quyet-59-NQ-TW-Hoi-nhap-quoc-te-660015.aspx,Ban hành: 31/05/2025,31/05/2025
192,"Nghị quyết 154/NQ-CP về nhiệm vụ, giải pháp chủ yếu thực hiện Kế hoạch phát triển kinh tế - xã hội và dự toán ngân sách nhà nước với mục tiêu tăng trưởng năm 2025 đạt 8% trở lên do Chính phủ ban hành",https://thuvienphapluat.vn/van-ban/Thuong-mai/Nghi-quyet-154-NQ-CP-2025-giai-phap-phat-trien-kinh-te-xa-hoi-muc-tieu-tang-truong-dat-8-tro-len-659278.aspx,Ban hành: 31/05/2025,31/05/2025
193,"Nghị quyết 201/2025/QH15 thí điểm về cơ chế, chính sách đặc thù phát triển nhà ở xã hội do Quốc hội ban hành",https://thuvienphapluat.vn/van-ban/Xay-dung-Do-thi/Nghi-quyet-201-2025-QH15-thi-diem-co-che-chinh-sach-dac-thu-phat-trien-nha-o-xa-hoi-658993.aspx,Ban hành: 29/05/2025,29/05/2025
194,"Nghị quyết 151/NQ-CP năm 2025 về dự án Luật sửa đổi Luật Quốc phòng; Luật Sĩ quan Quân đội nhân dân Việt Nam; Luật Quân nhân chuyên nghiệp, công nhân và viên chức quốc phòng; Luật Nghĩa vụ quân sự; Luật Biên phòng Việt Nam; Luật Phòng không nhân dân; Luật Lực lượng dự bị động viên; Luật Phòng thủ dân sự; Luật Quản lý, bảo vệ công trình quốc phòng và khu quân sự; Luật Dân quân tự vệ; Luật Giáo dục quốc phòng và an ninh do Chính phủ ban hành",https://thuvienphapluat.vn/van-ban/Bo-may-hanh-chinh/Nghi-quyet-151-NQ-CP-2025-du-an-Luat-Quoc-phong-Luat-Si-quan-Quan-doi-nhan-dan-Viet-Nam-sua-doi-658464.aspx,Ban hành: 26/05/2025,26/05/2025
195,Nghị quyết 200/2025/QH15 bổ sung dự toán ngân sách nhà nước chi thường xuyên (nguồn vốn viện trợ không hoàn lại của nước ngoài) do Quốc hội ban hành,https://thuvienphapluat.vn/van-ban/Tai-chinh-nha-nuoc/Nghi-quyet-200-2025-QH15-bo-sung-du-toan-ngan-sach-nha-nuoc-chi-thuong-xuyen-658992.aspx,Ban hành: 23/05/2025,23/05/2025
196,"Nghị quyết 147/NQ-CP năm 2025 về Chiến lược tổng thể quốc gia phòng ngừa, ứng phó với các đe dọa an ninh phi truyền thống đến năm 2030, tầm nhìn đến năm 2045 do Chính phủ ban hành",https://thuvienphapluat.vn/van-ban/Bo-may-hanh-chinh/Nghi-quyet-147-NQ-CP-2025-Chien-luoc-tong-the-quoc-gia-ung-pho-de-doa-an-ninh-phi-truyen-thong-658178.aspx,Ban hành: 22/05/2025,22/05/2025
197,Nghị quyết 199/2025/QH15 về rút ngắn nhiệm kỳ Quốc hội khoá XV và Hội đồng nhân dân các cấp nhiệm kỳ 2021-2026; Ngày bầu cử đại biểu Quốc hội khóa XVI và đại biểu Hội đồng nhân dân các cấp nhiệm kỳ 2026-2031,https://thuvienphapluat.vn/van-ban/Bo-may-hanh-chinh/Nghi-quyet-199-2025-QH15-rut-ngan-nhiem-ky-Quoc-hoi-khoa-XV-nhiem-ky-2021-2026-657681.aspx,Ban hành: 21/05/2025,21/05/2025
198,"Nghị quyết 197/2025/QH15 về cơ chế, chính sách đặc biệt tạo đột phá trong xây dựng và tổ chức thi hành pháp luật do Quốc hội ban hành",https://thuvienphapluat.vn/van-ban/Bo-may-hanh-chinh/Nghi-quyet-197-2025-QH15-chinh-sach-dac-biet-tao-dot-pha-trong-xay-dung-to-chuc-thi-hanh-phap-luat-657149.aspx,Ban hành: 17/05/2025,17/05/2025
199,"Nghị quyết 198/2025/QH15 về cơ chế, chính sách đặc biệt phát triển kinh tế tư nhân do Quốc hội ban hành",https://thuvienphapluat.vn/van-ban/Doanh-nghiep/Nghi-quyet-198-2025-QH15-co-che-chinh-sach-dac-biet-phat-trien-kinh-te-tu-nhan-657148.aspx,Ban hành: 17/05/2025,17/05/2025
200,Nghị quyết 78/2025/UBTVQH15 về ghi nhận thời gian đóng bảo hiểm xã hội bắt buộc của chủ hộ kinh doanh đã tham gia trước ngày Luật Bảo hiểm xã hội 41/2024/QH15 có hiệu lực thi hành do Ủy ban Thường vụ Quốc hội ban hành,https://thuvienphapluat.vn/van-ban/Doanh-nghiep/Nghi-quyet-78-2025-UBTVQH15-thoi-gian-dong-bao-hiem-xa-hoi-bat-buoc-cua-chu-ho-kinh-doanh-659904.aspx,Ban hành: 17/05/2025,17/05/2025
201,Nghị quyết 140/NQ-CP năm 2025 về Chương trình hành động thực hiện Nghị quyết 66-NQ/TW về đổi mới công tác xây dựng và thi hành pháp luật đáp ứng yêu cầu phát triển đất nước trong kỷ nguyên mới do Chính phủ ban hành,https://thuvienphapluat.vn/van-ban/Bo-may-hanh-chinh/Nghi-quyet-140-NQ-CP-2025-thuc-hien-Nghi-quyet-66-NQ-TW-thi-hanh-phap-luat-ky-nguyen-moi-657151.aspx,Ban hành: 17/05/2025,17/05/2025
202,Nghị quyết 196/2025/QH15 điều chỉnh dự toán ngân sách nhà nước năm 2025 do Quốc hội ban hành,https://thuvienphapluat.vn/van-ban/Tai-chinh-nha-nuoc/Nghi-quyet-196-2025-QH15-dieu-chinh-du-toan-ngan-sach-nha-nuoc-657150.aspx,Ban hành: 17/05/2025,17/05/2025
203,"Nghị quyết 139/NQ-CP năm 2025 về Kế hoạch triển khai Nghị quyết 198/2025/QH15 về cơ chế, chính sách đặc biệt phát triển kinh tế tư nhân do Chính phủ ban hành",https://thuvienphapluat.vn/van-ban/Thuong-mai/Nghi-quyet-139-NQ-CP-2025-Ke-hoach-trien-khai-Nghi-quyet-198-2025-QH15-657218.aspx,Ban hành: 17/05/2025,17/05/2025
204,Nghị quyết 138/NQ-CP năm 2025 về Kế hoạch hành động thực hiện Nghị quyết 68-NQ/TW về phát triển kinh tế tư nhân do Chính phủ ban hành,https://thuvienphapluat.vn/van-ban/Doanh-nghiep/Nghi-quyet-138-NQ-CP-2025-Ke-hoach-thuc-hien-Nghi-quyet-68-NQ-TW-phat-trien-kinh-te-tu-nhan-657153.aspx,Ban hành: 16/05/2025,16/05/2025
205,Nghị quyết 127/NQ-CP năm 2025 triển khai Nghị quyết 187/2025/QH15 về chủ trương đầu tư dự án đầu tư xây dựng tuyến đường sắt Lào Cai - Hà Nội - Hải Phòng do Chính phủ ban hành,https://thuvienphapluat.vn/van-ban/Dau-tu/Nghi-quyet-127-NQ-CP-2025-trien-khai-Nghi-quyet-187-2025-QH15-xay-dung-duong-sat-Lao-Cai-Ha-Noi-Hai-Phong-656654.aspx,Ban hành: 13/05/2025,13/05/2025
206,Nghị quyết 125/NQ-CP về hồ sơ Đề án sắp xếp đơn vị hành chính cấp tỉnh năm 2025 do Chính phủ ban hành,https://thuvienphapluat.vn/van-ban/Bo-may-hanh-chinh/Nghi-quyet-125-NQ-CP-2025-ho-so-De-an-sap-xep-don-vi-hanh-chinh-cap-tinh-656296.aspx,Ban hành: 09/05/2025,09/05/2025
207,Nghị quyết 126/NQ-CP về hồ sơ Đề án sắp xếp đơn vị hành chính cấp xã năm 2025 do Chính phủ ban hành,https://thuvienphapluat.vn/van-ban/Bo-may-hanh-chinh/Nghi-quyet-126-NQ-CP-2025-ho-so-De-an-sap-xep-don-vi-hanh-chinh-cap-xa-656297.aspx,Ban hành: 09/05/2025,09/05/2025
208,Nghị quyết 124/NQ-CP về Phiên họp Chính phủ thường kỳ tháng 4 năm 2025,https://thuvienphapluat.vn/van-ban/Bo-may-hanh-chinh/Nghi-quyet-124-NQ-CP-2025-Phien-hop-Chinh-phu-thuong-ky-thang-4-656385.aspx,Ban hành: 08/05/2025,08/05/2025
209,"Nghị quyết 122/NQ-CP năm 2025 về Kế hoạch thực hiện Kết luận 81-KL/TW về tiếp tục thực hiện Nghị quyết về chủ động ứng phó với biến đổi khí hậu, tăng cường quản lý tài nguyên và bảo vệ môi trường do Chính phủ ban hành",https://thuvienphapluat.vn/van-ban/Tai-nguyen-Moi-truong/Nghi-quyet-122-NQ-CP-2025-Ke-hoach-thuc-hien-Ket-luan-81-KL-TW-ung-pho-bien-doi-khi-hau-656053.aspx,Ban hành: 08/05/2025,08/05/2025
210,Nghị quyết 1635/NQ-UBTVQH15 năm 2025 thành lập Ban Chỉ đạo chuyển đổi số của Quốc hội do Ủy ban Thường vụ Quốc hội ban hành,https://thuvienphapluat.vn/van-ban/Cong-nghe-thong-tin/Nghi-quyet-1635-NQ-UBTVQH15-2025-thanh-lap-Ban-Chi-dao-chuyen-doi-so-cua-Quoc-hoi-656723.aspx,Ban hành: 08/05/2025,08/05/2025
211,Nghị quyết 195/2025/QH15 thành lập Ủy ban dự thảo sửa đổi Hiến pháp năm 2013 do Quốc hội ban hành,https://thuvienphapluat.vn/van-ban/Bo-may-hanh-chinh/Nghi-quyet-195-2025-QH15-thanh-lap-Uy-ban-du-thao-sua-doi-Hien-phap-nam-2013-658174.aspx,Ban hành: 05/05/2025,05/05/2025
212,Nghị quyết 194/2025/QH15 sửa đổi Hiến pháp năm 2013 do Quốc hội ban hành,https://thuvienphapluat.vn/van-ban/Bo-may-hanh-chinh/Nghi-quyet-194-2025-QH15-sua-doi-Hien-phap-nam-2013-655386.aspx,Ban hành: 05/05/2025,05/05/2025
213,"Nghị quyết 116/NQ-CP năm 2025 dự thảo Nghị quyết của Quốc hội về một số cơ chế, chính sách đặc biệt tạo đột phá trong xây dựng và tổ chức thi hành pháp luật do Chính phủ ban hành",https://thuvienphapluat.vn/van-ban/Bo-may-hanh-chinh/Nghi-quyet-116-NQ-CP-2025-du-thao-Nghi-quyet-ve-chinh-sach-tao-dot-pha-trong-xay-dung-phap-luat-655292.aspx,Ban hành: 04/05/2025,04/05/2025
214,Nghị quyết 114/NQ-CP năm 2025 về Kế hoạch triển khai Nghị quyết 162/2024/QH15 phê duyệt chủ trương đầu tư Chương trình mục tiêu quốc gia về phát triển văn hóa giai đoạn 2025-2035 do Chính phủ ban hành,https://thuvienphapluat.vn/van-ban/Dau-tu/Nghi-quyet-114-NQ-CP-2025-Ke-hoach-trien-khai-Nghi-quyet-162-2024-QH15-phat-trien-van-hoa-655151.aspx,Ban hành: 29/04/2025,29/04/2025
215,Nghị quyết 106/NQ-CP năm 2025 về Kế hoạch triển khai Nghị quyết 172/2024/QH15 về chủ trương đầu tư Dự án đường sắt tốc độ cao trên trục Bắc - Nam do Chính phủ ban hành,https://thuvienphapluat.vn/van-ban/Giao-thong-Van-tai/Nghi-quyet-106-NQ-CP-2025-Ke-hoach-trien-khai-Nghi-quyet-172-2024-QH15-654149.aspx,Ban hành: 23/04/2025,23/04/2025
216,Nghị quyết 108/NQ-CP về Phiên họp chuyên đề xây dựng pháp luật tháng 4 năm 2025 (Phiên thứ 2) do Chính phủ ban hành,https://thuvienphapluat.vn/van-ban/Bo-may-hanh-chinh/Nghi-quyet-108-NQ-CP-2025-Phien-hop-chuyen-de-ve-xay-dung-phap-luat-thang-4-654104.aspx,Ban hành: 23/04/2025,23/04/2025
217,Nghị quyết 77/2025/UBTVQH15 điều chỉnh Chương trình lập pháp năm 2025 do Ủy ban Thường vụ Quốc hội ban hành,https://thuvienphapluat.vn/van-ban/Bo-may-hanh-chinh/Nghi-quyet-77-2025-UBTVQH15-dieu-chinh-Chuong-trinh-lap-phap-655281.aspx,Ban hành: 21/04/2025,21/04/2025
218,"Nghị quyết 104/NQ-CP năm 2025 về dự án Luật Cán bộ, công chức (sửa đổi) do Chính phủ ban hành",https://thuvienphapluat.vn/van-ban/Bo-may-hanh-chinh/Nghi-quyet-104-NQ-CP-2025-du-an-Luat-Can-bo-cong-chuc-sua-doi-653555.aspx,Ban hành: 18/04/2025,18/04/2025
219,"Nghị quyết 103/NQ-CP trình Ủy ban Thường vụ Quốc hội xin ý kiến về trường hợp khác được miễn, giảm tiền sử dụng đất, tiền thuê đất theo quy định tại Khoản 2 Điều 157 Luật Đất đai năm 2024 (bao gồm cả nội dung giảm tiền thuê đất năm 2025) do Chính phủ ban hành",https://thuvienphapluat.vn/van-ban/Bat-dong-san/Nghi-quyet-103-NQ-CP-2025-xin-y-kien-ve-truong-hop-khac-duoc-mien-giam-tien-su-dung-dat-653593.aspx,Ban hành: 18/04/2025,18/04/2025
220,Nghị quyết 102/NQ-CP năm 2025 dự án Luật Tổ chức chính quyền địa phương (sửa đổi) do Chính phủ ban hành,https://thuvienphapluat.vn/van-ban/Bo-may-hanh-chinh/Nghi-quyet-102-NQ-CP-2025-du-an-Luat-To-chuc-chinh-quyen-dia-phuong-652328.aspx,Ban hành: 18/04/2025,18/04/2025
221,"Nghị quyết 99/NQ-CP năm 2025 điều chỉnh Quy hoạch sử dụng đất quốc gia thời kỳ 2021-2030, tầm nhìn đến năm 2050 do Chính phủ ban hành",https://thuvienphapluat.vn/van-ban/Bat-dong-san/Nghi-quyet-99-NQ-CP-2025-dieu-chinh-Quy-hoach-su-dung-dat-quoc-gia-thoi-ky-2021-2030-652292.aspx,Ban hành: 17/04/2025,17/04/2025
222,"Nghị quyết 93/NQ-CP năm 2025 về Kế hoạch thực hiện Kết luận 132-KL/TW về tiếp tục thực hiện Chỉ thị 36-CT/TW về tăng cường nâng cao hiệu quả công tác phòng, chống và kiểm soát ma túy do Chính phủ ban hành",https://thuvienphapluat.vn/van-ban/Van-hoa-Xa-hoi/Nghi-quyet-93-NQ-CP-2025-Ke-hoach-thuc-hien-Ket-luan-132-KL-TW-kiem-soat-ma-tuy-652174.aspx,Ban hành: 16/04/2025,16/04/2025
223,Nghị quyết 98/NQ-CP năm 2025 dự án Luật Ban hành văn bản quy phạm pháp luật sửa đổi do Chính phủ ban hành,https://thuvienphapluat.vn/van-ban/Bo-may-hanh-chinh/Nghi-quyet-98-NQ-CP-2025-du-an-Luat-Ban-hanh-van-ban-quy-pham-phap-luat-sua-doi-652293.aspx,Ban hành: 16/04/2025,16/04/2025
224,"Nghị quyết 87/NQ-CP năm 2025 gia hạn thời gian thực hiện thí điểm dùng tài khoản viễn thông thanh toán cho các hàng hóa, dịch vụ có giá trị nhỏ do Chính phủ ban hành",https://thuvienphapluat.vn/van-ban/Tien-te-Ngan-hang/Nghi-quyet-87-NQ-CP-2025-gia-han-thi-diem-dung-tai-khoan-vien-thong-thanh-toan-hang-hoa-gia-tri-nho-652160.aspx,Ban hành: 15/04/2025,15/04/2025
225,Nghị quyết 88/NQ-CP Phiên họp chuyên đề về xây dựng pháp luật tháng 4 năm 2025 do Chính phủ ban hành,https://thuvienphapluat.vn/van-ban/Bo-may-hanh-chinh/Nghi-quyet-88-NQ-CP-2025-Phien-hop-chuyen-de-ve-xay-dung-phap-luat-thang-4-652161.aspx,Ban hành: 15/04/2025,15/04/2025
226,Nghị quyết 76/2025/UBTVQH15 sắp xếp đơn vị hành chính năm 2025 do Ủy ban Thường vụ Quốc hội ban hành,https://thuvienphapluat.vn/van-ban/Bo-may-hanh-chinh/Nghi-quyet-76-2025-UBTVQH15-sap-xep-don-vi-hanh-chinh-651673.aspx,Ban hành: 14/04/2025,14/04/2025
227,Nghị quyết 82/NQ-CP năm 2025 dự thảo Luật Thanh tra (sửa đổi) do Chính phủ ban hành,https://thuvienphapluat.vn/van-ban/Bo-may-hanh-chinh/Nghi-quyet-82-NQ-CP-2025-du-thao-Luat-Thanh-tra-sua-doi-651723.aspx,Ban hành: 13/04/2025,13/04/2025
228,Nghị quyết 77/NQ-CP về Phiên họp Chính phủ thường kỳ tháng 3 năm 2025 và Hội nghị trực tuyến Chính phủ với địa phương,https://thuvienphapluat.vn/van-ban/Bo-may-hanh-chinh/Nghi-quyet-77-NQ-CP-2025-Phien-hop-Chinh-phu-thuong-ky-thang-3-651436.aspx,Ban hành: 10/04/2025,10/04/2025
229,"Nghị quyết 76/NQ-CP năm 2025 về Kế hoạch triển khai Nghị quyết 1313/NQ-UBTVQH15 giám sát chuyên đề việc thực hiện chính sách, pháp luật về bảo đảm trật tự, an toàn giao thông từ năm 2009 đến hết năm 2023 do Chính Phủ ban hành",https://thuvienphapluat.vn/van-ban/Giao-thong-Van-tai/Nghi-quyet-76-NQ-CP-2025-Ke-hoach-trien-khai-Nghi-quyet-1313-NQ-UBTVQH15-651621.aspx,Ban hành: 10/04/2025,10/04/2025
230,Nghị quyết 74/NQ-CP năm 2025 về Kế hoạch thực hiện sắp xếp đơn vị hành chính và xây dựng mô hình tổ chức chính quyền địa phương 2 cấp do Chính phủ ban hành,https://thuvienphapluat.vn/van-ban/Bo-may-hanh-chinh/Nghi-quyet-74-NQ-CP-2025-Ke-hoach-thuc-hien-sap-xep-don-vi-hanh-chinh-650691.aspx,Ban hành: 07/04/2025,07/04/2025
231,"Nghị quyết 71/NQ-CP năm 2025 sửa đổi cập nhật Chương trình hành động thực hiện Nghị quyết 57-NQ/TW về đột phá phát triển khoa học, công nghệ, đổi mới sáng tạo và chuyển đổi số quốc gia do Chính phủ ban hành",https://thuvienphapluat.vn/van-ban/Cong-nghe-thong-tin/Nghi-quyet-71-NQ-CP-2025-sua-doi-Chuong-trinh-hanh-dong-thuc-hien-Nghi-quyet-57-NQ-TW-650741.aspx,Ban hành: 01/04/2025,01/04/2025
232,Nghị quyết 69/NQ-CP phiên họp chuyên đề về xây dựng pháp luật tháng 3 năm 2025 do Chính phủ ban hành,https://thuvienphapluat.vn/van-ban/Bo-may-hanh-chinh/Nghi-quyet-69-NQ-CP-2025-phien-hop-chuyen-de-ve-xay-dung-phap-luat-thang-3-649967.aspx,Ban hành: 01/04/2025,01/04/2025
233,Nghị quyết 1584/NQ-UBTVQH15 năm 2025 thành lập Ban Soạn thảo dự thảo Nghị quyết sửa đổi Nội quy kỳ họp Quốc hội kèm theo Nghị quyết 71/2022/QH15 do Ủy ban Thường vụ Quốc hội ban hành,https://thuvienphapluat.vn/van-ban/Bo-may-hanh-chinh/Nghi-quyet-1584-NQ-UBTVQH15-2025-thanh-lap-Ban-Soan-thao-du-thao-Nghi-quyet-sua-doi-Noi-quy-Quoc-hoi-654997.aspx,Ban hành: 31/03/2025,31/03/2025
234,"Nghị quyết 75/2025/UBTVQH15 điều chỉnh Chương trình xây dựng luật, pháp lệnh (Chương trình lập pháp) năm 2025 do Ủy ban Thường vụ Quốc hội ban hành",https://thuvienphapluat.vn/van-ban/Bo-may-hanh-chinh/Nghi-quyet-75-2025-UBTVQH15-dieu-chinh-Chuong-trinh-xay-dung-luat-phap-lenh-651232.aspx,Ban hành: 26/03/2025,26/03/2025
235,"Nghị quyết 66/NQ-CP về Chương trình cắt giảm, đơn giản hóa thủ tục hành chính liên quan đến hoạt động sản xuất, kinh doanh năm 2025 và 2026 do Chính phủ ban hành",https://thuvienphapluat.vn/van-ban/Thuong-mai/Nghi-quyet-66-NQ-CP-2025-Chuong-trinh-cat-giam-thu-tuc-hanh-chinh-hoat-dong-san-xuat-kinh-doanh-649061.aspx,Ban hành: 26/03/2025,26/03/2025
236,Nghị quyết 58/NQ-CP năm 2025 giải thể Ủy ban Quản lý vốn nhà nước tại doanh nghiệp do Chính phủ ban hành,https://thuvienphapluat.vn/van-ban/Bo-may-hanh-chinh/Nghi-quyet-58-NQ-CP-2025-giai-the-Uy-ban-Quan-ly-von-nha-nuoc-tai-doanh-nghiep-648689.aspx,Ban hành: 21/03/2025,21/03/2025
237,Nghị quyết 1567/NQ-UBTVQH15 năm 2025 về Nghị định của Chính phủ quy định việc giảm tiền thuê đất năm 2024 do Ủy ban Thường vụ Quốc hội ban hành,https://thuvienphapluat.vn/van-ban/Bat-dong-san/Nghi-quyet-1567-NQ-UBTVQH15-2025-Nghi-dinh-Chinh-phu-quy-dinh-viec-giam-tien-thue-dat-2024-648845.aspx,Ban hành: 21/03/2025,21/03/2025
238,"Nghị quyết 51/NQ-CP năm 2025 về Chương trình hành động thực hiện Kết luận 91-KL/TW tiếp tục thực hiện Nghị quyết 29-NQ/TW “Về đổi mới căn bản, toàn diện giáo dục và đào tạo, đáp ứng yêu cầu công nghiệp hóa, hiện đại hóa trong điều kiện kinh tế thị trường định hướng xã hội chủ nghĩa hội nhập quốc tế” do Chính phủ ban hành",https://thuvienphapluat.vn/van-ban/Giao-duc/Nghi-quyet-51-NQ-CP-2025-Chuong-trinh-hanh-dong-thuc-hien-Ket-luan-91-KL-TW-647961.aspx,Ban hành: 18/03/2025,18/03/2025
239,"Nghị quyết 52/NQ-CP năm 2025 phê duyệt Nhiệm vụ lập Điều chỉnh quy hoạch sử dụng đất quốc gia thời kỳ 2021-2030, tầm nhìn đến năm 2050 do Chính phủ ban hành",https://thuvienphapluat.vn/van-ban/Xay-dung-Do-thi/Nghi-quyet-52-NQ-CP-2025-Nhiem-vu-lap-Dieu-chinh-quy-hoach-su-dung-dat-quoc-gia-2021-2030-648429.aspx,Ban hành: 18/03/2025,18/03/2025
240,"Nghị quyết 50/NQ-CP năm 2025 về Kế hoạch triển khai Nghị quyết 163/2024/QH15 phê duyệt chủ trương đầu tư Chương trình mục tiêu quốc gia phòng, chống ma túy đến năm 2030 do Chính phủ ban hành",https://thuvienphapluat.vn/van-ban/Dau-tu/Nghi-quyet-50-NQ-CP-2025-Ke-hoach-trien-khai-Nghi-quyet-163-2024-QH15-648430.aspx,Ban hành: 13/03/2025,13/03/2025
241,Nghị quyết 46/NQ-CP về phiên họp Chính phủ thường kỳ tháng 02 năm 2025,https://thuvienphapluat.vn/van-ban/Bo-may-hanh-chinh/Nghi-quyet-46-NQ-CP-2025-phien-hop-Chinh-phu-thuong-ky-thang-02-646609.aspx,Ban hành: 08/03/2025,08/03/2025
242,"Nghị quyết 74/2025/UBTVQH15 về chức năng, nhiệm vụ, quyền hạn và cơ cấu tổ chức của Văn phòng Quốc hội do Ủy ban Thường vụ Quốc hội ban hành",https://thuvienphapluat.vn/van-ban/Bo-may-hanh-chinh/Nghi-quyet-74-2025-UBTVQH15-chuc-nang-nhiem-vu-quyen-han-Van-phong-Quoc-hoi-673393.aspx,Ban hành: 07/03/2025,07/03/2025
243,"Nghị quyết 44/NQ-CP năm 2025 về miễn thị thực cho công dân các nước: Đức, Pháp, I-ta-li-a, Tây Ban Nha, Anh và Bắc Ai-len, Nga, Nhật Bản, Đại Hàn Dân Quốc, Đan Mạch, Thụy Điển, Na-uy và Phần Lan do Chính phủ ban hành",https://thuvienphapluat.vn/van-ban/Quyen-dan-su/Nghi-quyet-44-NQ-CP-2025-mien-thi-thuc-cho-cong-dan-cac-nuoc-Duc-Phap-I-ta-li-a-Tay-Ban-Nha-646611.aspx,Ban hành: 07/03/2025,07/03/2025
244,"Nghị quyết 73/2025/UBTVQH15 kết thúc hoạt động của Ban Thư ký, Quốc hội khóa XV do Ủy ban Thường vụ Quốc hội ban hành",https://thuvienphapluat.vn/van-ban/Bo-may-hanh-chinh/Nghi-quyet-73-2025-UBTVQH15-ket-thuc-hoat-dong-cua-Ban-Thu-ky-Quoc-hoi-khoa-XV-648435.aspx,Ban hành: 07/03/2025,07/03/2025
245,Nghị quyết 42/NQ-CP năm 2025 đề nghị xây dựng Nghị quyết về Trung tâm tài chính tại Việt Nam do Chính phủ ban hành,https://thuvienphapluat.vn/van-ban/Bo-may-hanh-chinh/Nghi-quyet-42-NQ-CP-2025-de-nghi-xay-dung-Nghi-quyet-ve-Trung-tam-tai-chinh-tai-Viet-Nam-646293.aspx,Ban hành: 05/03/2025,05/03/2025
246,Nghị quyết 41/NQ-CP phiên họp chuyên đề về xây dựng pháp luật tháng 02 năm 2025 do Chính phủ ban hành,https://thuvienphapluat.vn/van-ban/Bo-may-hanh-chinh/Nghi-quyet-41-NQ-CP-2025-Phien-hop-chuyen-de-xay-dung-phap-luat-thang-02-645832.aspx,Ban hành: 04/03/2025,04/03/2025
247,"Nghị quyết 38/NQ-CP năm 2025 chuyển giao quyền đại diện chủ sở hữu vốn nhà nước tại các Tập đoàn, Tổng công ty nhà nước là công ty cổ phần từ Ủy ban Quản lý vốn nhà nước tại doanh nghiệp về Bộ Tài chính do Chính phủ ban hành",https://thuvienphapluat.vn/van-ban/Doanh-nghiep/Nghi-quyet-38-NQ-CP-2025-chuyen-giao-quyen-so-huu-von-tu-Uy-ban-Quan-ly-von-ve-Bo-Tai-chinh-645849.aspx,Ban hành: 28/02/2025,28/02/2025
248,"Nghị quyết 37/NQ-CP năm 2025 về Kế hoạch thực hiện Quy hoạch không gian biển quốc gia thời kỳ 2021-2030, tầm nhìn đến năm 2050 do Chính phủ ban hành",https://thuvienphapluat.vn/van-ban/Xay-dung-Do-thi/Nghi-quyet-37-NQ-CP-2025-thuc-hien-Quy-hoach-khong-gian-bien-quoc-gia-thoi-ky-2021-2030-645149.aspx,Ban hành: 27/02/2025,27/02/2025
249,"Nghị quyết liên tịch 72/2025/NQLT/UBTVQH15-CP-ĐCTUBTWMTTQVN hướng dẫn việc tổ chức tiếp xúc cử tri của đại biểu Quốc hội, đại biểu Hội đồng nhân dân các cấp do Ủy ban Thường vụ Quốc hội - Chính phủ - Đoàn Chủ tịch Ủy ban Trung ương Mặt trận Tổ quốc Việt Nam ban hành",https://thuvienphapluat.vn/van-ban/Bo-may-hanh-chinh/Nghi-quyet-lien-tich-72-2025-NQLT-UBTVQH15-CP-DCTUBTWMTTQVN-to-chuc-tiep-xuc-cu-tri-cua-dai-bieu-644659.aspx,Ban hành: 20/02/2025,20/02/2025
250,Nghị quyết 190/2025/QH15 quy định về xử lý vấn đề liên quan đến sắp xếp tổ chức bộ máy nhà nước do Quốc hội ban hành,https://thuvienphapluat.vn/van-ban/Bo-may-hanh-chinh/Nghi-quyet-190-2025-QH15-xu-ly-van-de-lien-quan-dep-sap-xep-to-chuc-bo-may-nha-nuoc-643777.aspx,Ban hành: 19/02/2025,19/02/2025
251,"Nghị quyết 193/2025/QH15 về thí điểm cơ chế, chính sách đặc biệt tạo đột phá phát triển khoa học, công nghệ, đổi mới sáng tạo và chuyển đổi số quốc gia do Quốc hội ban hành",https://thuvienphapluat.vn/van-ban/Cong-nghe-thong-tin/Nghi-quyet-193-2025-QH15-thi-diem-co-che-dac-biet-tao-dot-pha-phat-trien-khoa-hoc-cong-nghe-644644.aspx,Ban hành: 19/02/2025,19/02/2025
252,Nghị quyết 192/2025/QH15 bổ sung Kế hoạch phát triển kinh tế - xã hội năm 2025 với mục tiêu tăng trưởng đạt 8% trở lên do Quốc hội ban hành,https://thuvienphapluat.vn/van-ban/Thuong-mai/Nghi-quyet-192-2025-QH15-bo-sung-Ke-hoach-phat-trien-kinh-te-xa-hoi-tang-truong-dat-8-tro-len-644658.aspx,Ban hành: 19/02/2025,19/02/2025
253,"Nghị quyết 191/2025/QH15 về Chủ trương đầu tư bổ sung vốn điều lệ giai đoạn 2024-2026 của Công ty mẹ - Tổng công ty Đầu tư phát triển đường cao tốc Việt Nam; cơ chế, giải pháp cấp bách cần thiết để triển khai dự án cải tạo, sửa chữa, nâng cấp, xây mới Trụ sở làm việc cơ quan Chủ tịch nước do Quốc hội ban hành",https://thuvienphapluat.vn/van-ban/Dau-tu/Nghi-quyet-191-2025-QH15-bo-sung-von-dieu-le-Tong-cong-ty-Dau-tu-phat-trien-duong-cao-toc-Viet-Nam-644782.aspx,Ban hành: 19/02/2025,19/02/2025
254,"Nghị quyết 189/2025/QH15 về Cơ chế, chính sách đặc biệt đầu tư xây dựng dự án điện hạt nhân Ninh Thuận do Quốc hội ban hành",https://thuvienphapluat.vn/van-ban/Dau-tu/Nghi-quyet-189-2025-QH15-co-che-chinh-sach-dac-biet-dau-tu-xay-dung-du-an-dien-hat-nhan-Ninh-Thuan-644657.aspx,Ban hành: 19/02/2025,19/02/2025
255,Nghị quyết 187/2025/QH15 về chủ trương đầu tư Dự án đầu tư xây dựng tuyến đường sắt Lào Cai - Hà Nội - Hải Phòng do Quốc hội ban hành,https://thuvienphapluat.vn/van-ban/Dau-tu/Nghi-quyet-187-2025-QH15-chu-truong-dau-tu-xay-dung-tuyen-duong-sat-Lao-Cai-Ha-Noi-Hai-Phong-644656.aspx,Ban hành: 19/02/2025,19/02/2025
256,"Nghị quyết 188/2025/QH15 về thí điểm cơ chế, chính sách đặc thù, đặc biệt để phát triển hệ thống mạng lưới đường sắt đô thị tại Thành phố Hà Nội, Thành phố Hồ Chí Minh do Quốc hội ban hành",https://thuvienphapluat.vn/van-ban/Giao-thong-Van-tai/Nghi-quyet-188-2025-QH15-chinh-sach-dac-thu-phat-trien-mang-luoi-duong-sat-do-thi-Ha-Noi-Ho-Chi-Minh-644641.aspx,Ban hành: 19/02/2025,19/02/2025
257,Nghị quyết 179/2025/QH15 về số thành viên ủy viên Ban thường vụ Quốc hội khóa XV,https://thuvienphapluat.vn/van-ban/Bo-may-hanh-chinh/Nghi-quyet-179-2025-QH15-so-thanh-vien-uy-vien-Ban-thuong-vu-Quoc-hoi-XV-643937.aspx,Ban hành: 18/02/2025,18/02/2025
258,"Nghị quyết 71/2025/UBTVQH15 về nhiệm vụ, quyền hạn cụ thể và cơ cấu tổ chức của Hội đồng Dân tộc, các Ủy ban của Quốc hội do Ủy ban Thường vụ Quốc hội ban hành",https://thuvienphapluat.vn/van-ban/Bo-may-hanh-chinh/Nghi-quyet-71-2025-UBTVQH15-nhiem-vu-quyen-han-cu-the-co-cau-to-chuc-cua-Hoi-dong-Dan-toc-643951.aspx,Ban hành: 18/02/2025,18/02/2025
259,Nghị quyết 178/2025/QH15 về tổ chức các cơ quan của Quốc hội,https://thuvienphapluat.vn/van-ban/Bo-may-hanh-chinh/Nghi-quyet-178-2025-QH15-to-chuc-cac-co-quan-cua-Quoc-hoi-643936.aspx,Ban hành: 18/02/2025,18/02/2025
260,Nghị quyết 1533/NQ-UBTVQH15 năm 2025 tăng thêm số lượng Thứ trưởng Bộ Nông nghiệp và Môi trường do Ủy ban Thường vụ Quốc hội ban hành,https://thuvienphapluat.vn/van-ban/Bo-may-hanh-chinh/Nghi-quyet-1533-NQ-UBTVQH15-2025-tang-them-so-luong-Thu-truong-Bo-Nong-nghiep-va-Moi-truong-643740.aspx,Ban hành: 18/02/2025,18/02/2025
261,Nghị quyết 177/2025/QH15 về cơ cấu số lượng thành viên Chính phủ nhiệm kỳ Quốc hội khóa XV,https://thuvienphapluat.vn/van-ban/Bo-may-hanh-chinh/Nghi-quyet-177-2025-QH15-co-cau-so-luong-thanh-vien-Chinh-phu-nhiem-ky-Quoc-hoi-khoa-XV-643722.aspx,Ban hành: 18/02/2025,18/02/2025
262,"Nghị quyết 1430/NQ-UBTVQH15 năm 2025 về số lượng Phó Chủ nhiệm, Ủy viên là đại biểu Quốc hội hoạt động chuyên trách tại Ủy ban Dân nguyện và Giám sát và Ủy viên là đại biểu Quốc hội hoạt động kiêm nhiệm của Ủy ban Dân nguyện và Giám sát của Quốc hội khóa XV do Ủy ban Thường vụ Quốc hội ban hành",https://thuvienphapluat.vn/van-ban/Bo-may-hanh-chinh/Nghi-quyet-1430-NQ-UBTVQH15-2025-so-luong-Pho-Chu-nhiem-tai-Uy-ban-Dan-nguyen-va-Giam-sat-644961.aspx,Ban hành: 18/02/2025,18/02/2025
263,"Nghị quyết 1428/NQ-UBTVQH15 năm 2025 về số lượng Phó Chủ nhiệm, Ủy viên là đại biểu Quốc hội hoạt động chuyên trách tại Ủy ban Công tác đại biểu và Ủy viên là đại biểu Quốc hội hoạt động kiêm nhiệm của Ủy ban Công tác đại biểu của Quốc hội khóa XV do Ủy ban Thường vụ Quốc hội ban hành",https://thuvienphapluat.vn/van-ban/Bo-may-hanh-chinh/Nghi-quyet-1428-NQ-UBTVQH15-2025-so-luong-Pho-Chu-nhiem-tai-Uy-ban-Cong-tac-dai-bieu-644903.aspx,Ban hành: 18/02/2025,18/02/2025
264,"Nghị quyết 1426/NQ-UBTVQH15 năm 2025 về Số lượng Phó Chủ nhiệm, Ủy viên là đại biểu Quốc hội hoạt động chuyên trách tại Ủy ban Văn hóa và Xã hội và Ủy viên là đại biểu Quốc hội hoạt động kiêm nhiệm của Ủy ban Văn hóa và Xã hội của Quốc hội khóa XV do Ủy ban Thường vụ Quốc hội ban hành",https://thuvienphapluat.vn/van-ban/Bo-may-hanh-chinh/Nghi-quyet-1426-NQ-UBTVQH15-2025-so-luong-Pho-Chu-nhiem-Uy-ban-Van-hoa-va-Xa-hoi-644901.aspx,Ban hành: 18/02/2025,18/02/2025
265,"Nghị quyết 1424/NQ-UBTVQH15 năm 2025 về Số lượng Phó Chủ nhiệm, Ủy viên là đại biểu Quốc hội hoạt động chuyên trách tại Ủy ban Kinh tế và Tài chính và Ủy viên là đại biểu Quốc hội hoạt động kiêm nhiệm của Ủy ban Kinh tế và Tài chính của Quốc hội khóa XV do Ủy ban Thường vụ Quốc hội ban hành",https://thuvienphapluat.vn/van-ban/Bo-may-hanh-chinh/Nghi-quyet-1424-NQ-UBTVQH15-2025-so-luong-Pho-Chu-nhiem-Uy-ban-Kinh-te-Tai-chinh-644897.aspx,Ban hành: 18/02/2025,18/02/2025
266,"Nghị quyết 1422/NQ-UBTVQH15 năm 2025 về số lượng Phó Chủ nhiệm, Ủy viên là đại biểu Quốc hội hoạt động chuyên trách tại Ủy ban Pháp luật và Tư pháp và Ủy viên là đại biểu Quốc hội hoạt động kiêm nhiệm của Ủy ban Pháp luật và Tư pháp của Quốc hội khóa XV do Ủy ban Thường vụ Quốc hội ban hành",https://thuvienphapluat.vn/van-ban/Bo-may-hanh-chinh/Nghi-quyet-1422-NQ-UBTVQH15-2025-so-luong-Pho-Chu-nhiem-tai-Uy-ban-Phap-luat-va-Tu-phap-644896.aspx,Ban hành: 18/02/2025,18/02/2025
267,"Nghị quyết 1432/NQ-UBTVQH15 năm 2025 về số lượng Phó Chủ nhiệm, Ủy viên là đại biểu Quốc hội hoạt động chuyên trách tại Ủy ban Quốc phòng, An ninh và Đối ngoại, Ủy viên là đại biểu Quốc hội hoạt động kiêm nhiệm của Ủy ban Quốc phòng, An ninh và Đối ngoại của Quốc hội khóa XV do Ủy ban Thường vụ Quốc hội ban hành",https://thuvienphapluat.vn/van-ban/Bo-may-hanh-chinh/Nghi-quyet-1432-NQ-UBTVQH15-2025-so-luong-Pho-Chu-nhiem-tai-Uy-ban-Quoc-phong-An-ninh-644957.aspx,Ban hành: 18/02/2025,18/02/2025
268,Nghị quyết 176/2025/QH15 về cơ cấu tổ chức của Chính phủ nhiệm kỳ Quốc hội khóa XV,https://thuvienphapluat.vn/van-ban/Bo-may-hanh-chinh/Nghi-quyet-176-2025-QH15-co-cau-to-chuc-cua-Chinh-phu-nhiem-ky-Quoc-hoi-khoa-XV-643732.aspx,Ban hành: 18/02/2025,18/02/2025
269,"Nghị quyết 33/NQ-CP năm 2025 trình dự thảo Nghị quyết về thí điểm chính sách để tháo gỡ vướng mắc trong hoạt động khoa học, công nghệ, đổi mới sáng tạo và chuyển đổi số quốc gia do Chính phủ ban hành",https://thuvienphapluat.vn/van-ban/Bo-may-hanh-chinh/Nghi-quyet-33-NQ-CP-2025-du-thao-Nghi-quyet-thi-diem-vuong-mac-hoat-dong-khoa-hoc-643148.aspx,Ban hành: 12/02/2025,12/02/2025
270,Nghị quyết 31/NQ-CP năm 2025 trình Ủy ban Thường vụ Quốc hội xin ý kiến việc giảm tiền thuê đất năm 2024 và ban hành Nghị định quy định việc giảm tiền thuê đất năm 2024 do Chính phủ ban hành,https://thuvienphapluat.vn/van-ban/Bat-dong-san/Nghi-quyet-31-NQ-CP-2025-trinh-Uy-ban-Thuong-vu-Quoc-hoi-xin-y-kien-viec-giam-tien-thue-dat-2024-643351.aspx,Ban hành: 12/02/2025,12/02/2025
271,"Nghị quyết 32/NQ-CP năm 2025 đề nghị xây dựng Nghị quyết về thí điểm chính sách để tháo gỡ vướng mắc trong hoạt động khoa học, công nghệ, đổi mới sáng tạo và chuyển đổi số quốc gia do Chính phủ ban hành",https://thuvienphapluat.vn/van-ban/Cong-nghe-thong-tin/Nghi-quyet-32-NQ-CP-2025-de-nghi-xay-dung-Nghi-quyet-chinh-sach-hoat-dong-khoa-hoc-cong-nghe-643303.aspx,Ban hành: 12/02/2025,12/02/2025
272,"Nghị quyết 68/2025/UBTVQH15 điều chỉnh Chương trình xây dựng luật, pháp lệnh năm 2025 do Ủy ban Thường vụ Quốc hội ban hành",https://thuvienphapluat.vn/van-ban/Bo-may-hanh-chinh/Nghi-quyet-68-2025-UBTVQH15-dieu-chinh-Chuong-trinh-xay-dung-luat-phap-lenh-643305.aspx,Ban hành: 10/02/2025,10/02/2025
273,"Nghị quyết 69/2025/UBTVQH15 sửa đổi Khoản 1 Điều 1 Nghị quyết 57/2024/UBTVQH15 phê chuẩn đề nghị của Chánh án Tòa án nhân dân tối cao về cục, vụ và tương đương, cơ quan báo chí của Tòa án nhân dân tối cao do Ủy ban Thường vụ Quốc hội ban hành",https://thuvienphapluat.vn/van-ban/Bo-may-hanh-chinh/Nghi-quyet-69-2025-UBTVQH15-sua-doi-khoan-1-Dieu-1-Nghi-quyet-57-2024-UBTVQH15-643734.aspx,Ban hành: 10/02/2025,10/02/2025
274,"Nghị quyết 28/NQ-CP năm 2025 đề nghị xây dựng Nghị quyết về thí điểm cơ chế, chính sách đặc thù, đặc biệt để phát triển hệ thống mạng lưới đường sắt đô thị tại Thành phố Hà Nội, Thành phố Hồ Chí Minh do Chính phủ ban hành",https://thuvienphapluat.vn/van-ban/Bo-may-hanh-chinh/Nghi-quyet-28-NQ-CP-2025-xay-dung-Nghi-quyet-co-che-phat-trien-mang-luoi-duong-sat-do-thi-Ha-Noi-642714.aspx,Ban hành: 08/02/2025,08/02/2025
275,"Nghị quyết 29/NQ-CP năm 2025 về Nghị quyết thí điểm cơ chế, chính sách đặc thù, đặc biệt để phát triển hệ thống mạng lưới đường sắt đô thị tại Thành phố Hà Nội, Thành phố Hồ Chí Minh do Chính phủ ban hành",https://thuvienphapluat.vn/van-ban/Giao-thong-Van-tai/Nghi-quyet-29-NQ-CP-2025-Nghi-quyet-thi-diem-co-che-he-thong-mang-luoi-duong-sat-do-thi-Ha-Noi-642713.aspx,Ban hành: 08/02/2025,08/02/2025
276,Nghị quyết 27/NQ-CP về Phiên họp Chính phủ thường kỳ tháng 01 năm 2025,https://thuvienphapluat.vn/van-ban/Bo-may-hanh-chinh/Nghi-quyet-27-NQ-CP-2025-Phien-hop-Chinh-phu-thuong-ky-thang-01-642711.aspx,Ban hành: 07/02/2025,07/02/2025
277,Nghị quyết 1403/NQ-UBTVQH15 năm 2025 phê chuẩn đề nghị của Viện trưởng Viện kiểm sát nhân dân tối cao về bộ máy làm việc của Viện kiểm sát nhân dân tối cao do Ủy ban Thường vụ Quốc hội ban hành,https://thuvienphapluat.vn/van-ban/Bo-may-hanh-chinh/Nghi-quyet-1403-NQ-UBTVQH15-2025-phe-chuan-de-nghi-ve-bo-may-Vien-kiem-sat-nhan-dan-toi-cao-643160.aspx,Ban hành: 07/02/2025,07/02/2025
278,"Nghị quyết 70/2025/UBTVQH15 quy định về nguyên tắc, tiêu chí và định mức phân bổ vốn đầu tư công nguồn ngân sách nhà nước giai đoạn 2026-2030 do Ủy ban Thường vụ Quốc hội ban hành",https://thuvienphapluat.vn/van-ban/Dau-tu/Nghi-quyet-70-2025-UBTVQH15-dinh-muc-phan-bo-von-dau-tu-cong-nguon-ngan-sach-nha-nuoc-2026-2030-643741.aspx,Ban hành: 07/02/2025,07/02/2025
279,"Nghị quyết 67/2025/UBTVQH15 quy định về bậc, điều kiện của từng bậc, việc nâng bậc và số lượng, cơ cấu tỷ lệ các bậc Thẩm phán Tòa án nhân dân do Ủy ban Thường vụ Quốc hội ban hành",https://thuvienphapluat.vn/van-ban/Bo-may-hanh-chinh/Nghi-quyet-67-2025-UBTVQH15-dieu-kien-tung-bac-so-luong-bac-Tham-phan-Toa-an-nhan-dan-643158.aspx,Ban hành: 06/02/2025,06/02/2025
280,"Nghị quyết 66/2025/UBTVQH15 sửa đổi Nghị quyết 730/2004/NQ-UBTVQH11 phê chuẩn bảng lương chức vụ, bảng phụ cấp chức vụ đối với cán bộ lãnh đạo của Nhà nước; bảng lương chuyên môn, nghiệp vụ ngành Tòa án, ngành Kiểm sát đã được sửa đổi nội dung theo Nghị quyết 823/2009/UBTVQH12, 973/2015/UBTVQH13 và 1212/2016/UBTVQH13 do Ủy ban Thường vụ Quốc hội ban hành",https://thuvienphapluat.vn/van-ban/Lao-dong-Tien-luong/Nghi-quyet-66-2025-UBTVQH15-sua-doi-Nghi-quyet-730-2004-NQ-UBTVQH11-643161.aspx,Ban hành: 06/02/2025,06/02/2025
281,"Nghị quyết 1402/NQ-UBTVQH15 năm 2025 tăng thêm số lượng Thứ trưởng, Phó Thủ trưởng cơ quan ngang Bộ do Ủy ban Thường vụ Quốc hội ban hành",https://thuvienphapluat.vn/van-ban/Bo-may-hanh-chinh/Nghi-quyet-1402-NQ-UBTVQH15-2025-tang-them-so-luong-Thu-truong-co-quan-ngang-Bo-643255.aspx,Ban hành: 06/02/2025,06/02/2025
282,"Nghị quyết 25/NQ-CP về Mục tiêu tăng trưởng các ngành, lĩnh vực và địa phương bảo đảm mục tiêu tăng trưởng cả nước năm 2025 đạt 8% trở lên do Chính phủ ban hành",https://thuvienphapluat.vn/van-ban/Thuong-mai/Nghi-quyet-25-NQ-CP-2025-muc-tieu-tang-truong-cac-nganh-bao-dam-muc-tieu-tang-truong-dat-8-tro-len-642185.aspx,Ban hành: 05/02/2025,05/02/2025
283,"Nghị quyết 24/NQ-CP năm 2025 giải thích quy định về tiêu chuẩn ""tổ chức đảng, đoàn thể trong sạch, vững mạnh tại Luật Thi đua, khen thưởng"" do Chính phủ ban hành",https://thuvienphapluat.vn/van-ban/Bo-may-hanh-chinh/Nghi-quyet-24-NQ-CP-2025-giai-thich-tieu-chuan-to-chuc-dang-trong-sach-vung-manh-tai-Luat-Thi-dua-khen-thuong-641754.aspx,Ban hành: 04/02/2025,04/02/2025
284,Nghị quyết 16/NQ-CP năm 2025 đề nghị xây dựng Nghị quyết thí điểm tuyển dụng người có trình độ cao đẳng để dạy một số môn học theo Chương trình giáo dục phổ thông 2018 do Chính phủ ban hành,https://thuvienphapluat.vn/van-ban/Bo-may-hanh-chinh/Nghi-quyet-16-NQ-CP-2025-xay-dung-Nghi-quyet-tuyen-dung-trinh-do-cao-dang-day-Chuong-trinh-pho-thong-2018-640947.aspx,Ban hành: 21/01/2025,21/01/2025
285,Nghị quyết 18/NQ-CP năm 2025 về Dự án Luật Tổ chức chính quyền địa phương (sửa đổi) do Chính phủ ban hành,https://thuvienphapluat.vn/van-ban/Bo-may-hanh-chinh/Nghi-quyet-18-NQ-CP-2025-du-an-Luat-To-chuc-chinh-quyen-dia-phuong-640946.aspx,Ban hành: 21/01/2025,21/01/2025
286,Nghị quyết 17/NQ-CP năm 2025 thông qua dự án Luật Tổ chức Chính phủ (sửa đổi) do Chính phủ ban hành,https://thuvienphapluat.vn/van-ban/Bo-may-hanh-chinh/Nghi-quyet-17-NQ-CP-2025-thong-qua-du-an-Luat-To-chuc-Chinh-phu-sua-doi-640945.aspx,Ban hành: 21/01/2025,21/01/2025
287,Nghị quyết 15/NQ-CP năm 2025 về Dự án Luật Ban hành văn bản quy phạm pháp luật (sửa đổi) và dự thảo Nghị quyết quy định về xử lý vấn đề liên quan đến sắp xếp tổ chức bộ máy Nhà nước do Chính phủ ban hành,https://thuvienphapluat.vn/van-ban/Bo-may-hanh-chinh/Nghi-quyet-15-NQ-CP-2025-du-an-Luat-Ban-hanh-van-ban-quy-pham-phap-luat-sua-doi-640659.aspx,Ban hành: 20/01/2025,20/01/2025
288,Nghị quyết 14/NQ-CP về Phiên họp chuyên đề xây dựng pháp luật tháng 01 năm 2025 do Chính phủ ban hành,https://thuvienphapluat.vn/van-ban/Bo-may-hanh-chinh/Nghi-quyet-14-NQ-CP-2025-Phien-hop-chuyen-de-xay-dung-phap-luat-thang-01-640939.aspx,Ban hành: 18/01/2025,18/01/2025
289,"Nghị quyết 13/NQ-CP năm 2025 thành lập Hội đồng thẩm định Nhiệm vụ lập điều chỉnh Quy hoạch sử dụng đất thời kỳ 2021-2030, tầm nhìn đến năm 2050 do Chính phủ ban hành",https://thuvienphapluat.vn/van-ban/Bat-dong-san/Nghi-quyet-13-NQ-CP-2025-thanh-lap-Hoi-dong-tham-dinh-Nhiem-vu-lap-Dieu-chinh-Quy-hoach-su-dung-dat-640744.aspx,Ban hành: 15/01/2025,15/01/2025
290,"Nghị quyết 11/NQ-CP miễn thị thực theo Chương trình kích cầu phát triển du lịch trong năm 2025 cho công dân các nước: Ba Lan, Séc và Thụy Sỹ do Chính phủ ban hành",https://thuvienphapluat.vn/van-ban/Quyen-dan-su/Nghi-quyet-11-NQ-CP-2025-mien-thi-thuc-kich-cau-du-lich-Cong-hoa-Ba-Lan-Cong-hoa-Sec-Lien-bang-Thuy-Sy-640116.aspx,Ban hành: 15/01/2025,15/01/2025
291,"Nghị quyết 65/2025/UBTVQH15 điều chỉnh Chương trình xây dựng luật, pháp lệnh năm 2025 do Ủy ban Thường vụ Quốc hội ban hành",https://thuvienphapluat.vn/van-ban/Bo-may-hanh-chinh/Nghi-quyet-65-2025-UBTVQH15-dieu-chinh-Chuong-trinh-xay-dung-luat-phap-lenh-640986.aspx,Ban hành: 15/01/2025,15/01/2025
292,"Nghị quyết 1365/NQ-UBTVQH15 năm 2025 thành lập các phường thuộc thị xã Phú Mỹ và thành lập thành phố Phú Mỹ, tỉnh Bà Rịa - Vũng Tàu do Ủy ban Thường vụ Quốc hội ban hành",https://thuvienphapluat.vn/van-ban/Bo-may-hanh-chinh/Nghi-quyet-1365-NQ-UBTVQH15-2025-thanh-lap-cac-phuong-thuoc-thi-xa-Phu-My-Vung-Tau-640985.aspx,Ban hành: 15/01/2025,15/01/2025
293,"Nghị quyết 10/NQ-CP năm 2025 về Chương trình hành động của Chính phủ thực hiện Quy định 178-QĐ/TW về kiểm soát quyền lực, phòng, chống tham nhũng, tiêu cực trong công tác xây dựng pháp luật",https://thuvienphapluat.vn/van-ban/Bo-may-hanh-chinh/Nghi-quyet-10-NQ-CP-2025-kiem-soat-quyen-luc-cong-tac-xay-dung-phap-luat-639915.aspx,Ban hành: 13/01/2025,13/01/2025
294,Nghị quyết 09/NQ-CP năm 2025 về Hội nghị Chính phủ với địa phương và Phiên họp Chính phủ thường kỳ tháng 12 năm 2024 do Chính phủ ban hành,https://thuvienphapluat.vn/van-ban/Bo-may-hanh-chinh/Nghi-quyet-09-NQ-CP-2025-Hoi-nghi-Chinh-phu-voi-dia-phuong-2024-640022.aspx,Ban hành: 10/01/2025,10/01/2025
295,"Nghị quyết 07/NQ-CP năm 2025 về Chương trình hành động thực hiện Kết luận 96-KL/TW tiếp tục thực hiện Nghị quyết 45-NQ/TW về xây dựng và phát triển thành phố Hải Phòng đến năm 2030, tầm nhìn đến năm 2045 do Chính phủ ban hành",https://thuvienphapluat.vn/van-ban/Xay-dung-Do-thi/Nghi-quyet-07-NQ-CP-2025-thuc-hien-Nghi-quyet-45-NQ-TW-xay-dung-phat-trien-Hai-Phong-639590.aspx,Ban hành: 10/01/2025,10/01/2025
296,"Nghị quyết 03/NQ-CP năm 2025 về Chương trình hành động thực hiện Nghị quyết 57-NQ/TW về đột phá phát triển khoa học, công nghệ, đổi mới sáng tạo và chuyển đổi số quốc gia do Chính phủ ban hành",https://thuvienphapluat.vn/van-ban/Linh-vuc-khac/Nghi-quyet-03-NQ-CP-2025-dot-pha-phat-trien-khoa-hoc-cong-nghe-doi-moi-sang-tao-639586.aspx,Ban hành: 09/01/2025,09/01/2025
297,"Nghị quyết 01/NQ-CP về Nhiệm vụ, giải pháp chủ yếu thực hiện Kế hoạch phát triển kinh tế - xã hội và dự toán ngân sách Nhà nước năm 2025 do Chính phủ ban hành",https://thuvienphapluat.vn/van-ban/Thuong-mai/Nghi-quyet-01-NQ-CP-2025-nhiem-vu-giai-phap-chu-yeu-Ke-hoach-phat-trien-kinh-te-xa-hoi-640056.aspx,Ban hành: 08/01/2025,08/01/2025
298,"Nghị quyết 02/NQ-CP về những nhiệm vụ, giải pháp chủ yếu cải thiện môi trường kinh doanh, nâng cao năng lực cạnh tranh quốc gia năm 2025 do Chính phủ ban hành",https://thuvienphapluat.vn/van-ban/Doanh-nghiep/Nghi-quyet-02-NQ-CP-2025-giai-phap-chu-yeu-cai-thien-moi-truong-kinh-doanh-640028.aspx,Ban hành: 08/01/2025,08/01/2025
299,"Nghị quyết 1350/NQ-UBTVQH15 năm 2025 về công tác quản lý và bảo đảm chế độ, chính sách đối với cán bộ, công chức, viên chức, lao động hợp đồng của Viện Nghiên cứu lập pháp và Truyền hình Quốc hội Việt Nam sau khi kết thúc hoạt động do Ủy ban Thường vụ Quốc Hội ban hành",https://thuvienphapluat.vn/van-ban/Bo-may-hanh-chinh/Nghi-quyet-1350-NQ-UBTVQH15-2025-bao-dam-che-do-doi-voi-can-bo-Vien-Nghien-cuu-lap-phap-639252.aspx,Ban hành: 07/01/2025,07/01/2025
300,"Nghị quyết 64/2025/UBTVQH15 kết thúc hoạt động của Truyền hình Quốc hội Việt Nam để chuyển chức năng, nhiệm vụ từ Truyền hình Quốc hội Việt Nam về Đài Truyền hình Việt Nam do Ủy ban Thường vụ Quốc hội ban hành",https://thuvienphapluat.vn/van-ban/Bo-may-hanh-chinh/Nghi-quyet-64-2025-UBTVQH15-ket-thuc-hoat-dong-cua-Truyen-hinh-Quoc-hoi-Viet-Nam-639050.aspx,Ban hành: 07/01/2025,07/01/2025
301,"Nghị quyết 63/2025/UBTVQH15 kết thúc hoạt động của Viện Nghiên cứu lập pháp, chuyển chức năng, nhiệm vụ về các cơ quan của Quốc hội, Văn phòng Quốc hội do Ủy ban Thường vụ Quốc hội ban hành",https://thuvienphapluat.vn/van-ban/Bo-may-hanh-chinh/Nghi-quyet-63-2025-UBTVQH15-ket-thuc-hoat-dong-cua-Vien-Nghien-cuu-lap-phap-639049.aspx,Ban hành: 07/01/2025,07/01/2025
302,"Nghị quyết 1344/NQ-UBTVQH15 năm 2025 thành lập Ban soạn thảo dự án Luật sửa đổi, bổ sung một số điều của Luật Tổ chức Quốc hội và các luật khác có liên quan do Ủy ban Thường vụ Quốc hội ban hành",https://thuvienphapluat.vn/van-ban/Bo-may-hanh-chinh/Nghi-quyet-1344-NQ-UBTVQH15-2025-thanh-lap-Ban-soan-thao-du-an-Luat-sua-doi-Luat-To-chuc-Quoc-hoi-644408.aspx,Ban hành: 03/01/2025,03/01/2025
303,"Nghị quyết 1343/NQ-UBTVQH15 năm 2024 xây dựng và phát triển Quốc hội số giai đoạn 2024-2026, định hướng đến năm 2030 do Ủy ban Thường vụ Quốc hội ban hành",https://thuvienphapluat.vn/van-ban/Cong-nghe-thong-tin/Nghi-quyet-1343-NQ-UBTVQH15-2024-xay-dung-phat-trien-Quoc-hoi-so-2024-2026-639288.aspx,Ban hành: 31/12/2024,31/12/2024
304,Nghị quyết 259/NQ-CP năm 2024 về Kế hoạch hành động thực hiện Thông báo 47-TB/TW xây dựng Trung tâm tài chính khu vực và quốc tế tại Việt Nam do Chính phủ ban hành,https://thuvienphapluat.vn/van-ban/Bo-may-hanh-chinh/Nghi-quyet-259-NQ-CP-2024-Ke-hoach-hanh-dong-thuc-hien-Thong-bao-47-TB-TW-638517.aspx,Ban hành: 31/12/2024,31/12/2024
305,"Nghị quyết 255/NQ-CP năm 2024 về Kế hoạch thực hiện Nghị quyết 1157/NQ-UBTVQH15 giám sát chuyên đề về thực hiện chính sách, pháp luật về đổi mới hệ thống tổ chức và quản lý, nâng cao chất lượng, hiệu quả hoạt động của các đơn vị sự nghiệp công lập giai đoạn 2018-2023 do Chính phủ ban hành",https://thuvienphapluat.vn/van-ban/Bo-may-hanh-chinh/Nghi-quyet-255-NQ-CP-2024-Ke-hoach-thuc-hien-Nghi-quyet-1157-NQ-UBTVQH15-638061.aspx,Ban hành: 31/12/2024,31/12/2024
306,"Nghị quyết 1339/NQ-UBTVQH15 năm 2024 về Kế hoạch sửa đổi các Luật, Nghị quyết phục vụ công tác sắp xếp tổ chức bộ máy của các cơ quan của Quốc hội, cơ quan thuộc Ủy ban Thường vụ Quốc hội và Văn phòng Quốc hội",https://thuvienphapluat.vn/van-ban/Bo-may-hanh-chinh/Nghi-quyet-1339-NQ-UBTVQH15-2024-Ke-hoach-sua-doi-cac-luat-phuc-vu-sap-xep-to-chuc-bo-may-638146.aspx,Ban hành: 28/12/2024,28/12/2024
307,Nghị quyết 1338/NQ-UBTVQH15 bổ sung có mục tiêu từ ngân sách trung ương năm 2024 cho các địa phương do Ủy ban Thường vụ Quốc hội ban hành,https://thuvienphapluat.vn/van-ban/Tai-chinh-nha-nuoc/Nghi-quyet-1338-NQ-UBTVQH15-2024-bo-sung-co-muc-tieu-tu-ngan-sach-trung-uong-cho-cac-dia-phuong-637751.aspx,Ban hành: 27/12/2024,27/12/2024
308,Nghị quyết 1337/NQ-UBTVQH15 năm 2024 phân bổ dự toán kinh phí hoạt động của các Đoàn đại biểu Quốc hội năm 2025 do Ủy ban Thường vụ Quốc hội ban hành,https://thuvienphapluat.vn/van-ban/Tai-chinh-nha-nuoc/Nghi-quyet-1337-NQ-UBTVQH15-2024-phan-bo-du-toan-kinh-phi-hoat-dong-Doan-dai-bieu-Quoc-hoi-638150.aspx,Ban hành: 27/12/2024,27/12/2024
309,Nghị quyết 248/NQ-CP năm 2024 phê duyệt Hiệp định miễn thị thực cho người mang hộ chiếu ngoại giao và hộ chiếu công vụ giữa Việt Nam và Ti-mo Lét-xtê do Chính phủ ban hành,https://thuvienphapluat.vn/van-ban/Bo-may-hanh-chinh/Nghi-quyet-248-NQ-CP-2024-Hiep-dinh-mien-thi-thuc-cho-nguoi-mang-ho-chieu-ngoai-giao-Ti-mo-Let-xte-637570.aspx,Ban hành: 25/12/2024,25/12/2024
310,Nghị quyết 249/NQ-CP năm 2024 phê duyệt Hiệp định về miễn thị thực cho người mang hộ chiếu phổ thông giữa Việt Nam - Belarus do Chính phủ ban hành,https://thuvienphapluat.vn/van-ban/Bo-may-hanh-chinh/Nghi-quyet-249-NQ-CP-2024-Hiep-dinh-mien-thi-thuc-cho-nguoi-mang-ho-chieu-pho-thong-Belarus-637569.aspx,Ban hành: 25/12/2024,25/12/2024
311,"Nghị quyết 60/2024/UBTVQH15 về Mức thuế bảo vệ môi trường đối với xăng, dầu, mỡ nhờn do Ủy ban Thường vụ Quốc hội ban hành",https://thuvienphapluat.vn/van-ban/Thue-Phi-Le-Phi/Nghi-quyet-60-2024-UBTVQH15-muc-thue-bao-ve-moi-truong-doi-voi-xang-dau-mo-nhon-630034.aspx,Ban hành: 24/12/2024,24/12/2024
312,"Nghị quyết 62/2024/UBTVQH15 kéo dài thời gian thực hiện Nghị quyết 09/2021/UBTVQH15 về Chi phí quản lý bảo hiểm xã hội, bảo hiểm thất nghiệp giai đoạn 2022-2024 do Ủy ban Thường vụ Quốc hội ban hành",https://thuvienphapluat.vn/van-ban/Bao-hiem/Nghi-quyet-62-2024-UBTVQH15-keo-dai-thoi-gian-thuc-hien-Nghi-quyet-09-2021-UBTVQH15-638149.aspx,Ban hành: 24/12/2024,24/12/2024
313,Nghị quyết 1326/NQ-UBTVQH15 năm 2024 về Chương trình công tác của Ủy ban Thường vụ Quốc hội năm 2025,https://thuvienphapluat.vn/van-ban/Bo-may-hanh-chinh/Nghi-quyet-1326-NQ-UBTVQH15-2024-chuong-trinh-cong-tac-nam-2025-637429.aspx,Ban hành: 23/12/2024,23/12/2024
314,"Nghị quyết 1327/NQ-UBTVQH15 bổ sung dự toán ngân sách nhà nước năm 2024 cho các Bộ, cơ quan trung ương, địa phương và phân bổ dự toán ngân sách trung ương kinh phí xử lý bù giá trong bao tiêu sản phẩm Dự án lọc hóa dầu Nghi Sơn do Ủy ban Thường vụ Quốc hội ban hành",https://thuvienphapluat.vn/van-ban/Tai-chinh-nha-nuoc/Nghi-quyet-1327-NQ-UBTVQH15-2024-bo-sung-du-toan-ngan-sach-nha-nuoc-cho-cac-Bo-637428.aspx,Ban hành: 23/12/2024,23/12/2024
315,"Nghị quyết 246/NQ-CP năm 2024 phê duyệt Bản ghi nhớ về thân nhân thành viên cơ quan đại diện ngoại giao, cơ quan lãnh sự làm việc có thu nhập giữa Việt Nam và Ô-xtơ-rây-li-a do Chính phủ ban hành",https://thuvienphapluat.vn/van-ban/Bo-may-hanh-chinh/Nghi-quyet-246-NQ-CP-2024-Ban-ghi-nho-than-nhan-thanh-vien-co-quan-dai-dien-ngoai-giao-O-xto-ray-li-a-637568.aspx,Ban hành: 23/12/2024,23/12/2024
316,"Nghị quyết 241/NQ-CP năm 2024 về Kế hoạch thực hiện Nghị quyết 937/NQ-UBTVQH15 giám sát chuyên đề thực hiện chính sách, pháp luật về phát triển năng lượng giai đoạn 2016-2021 do Chính phủ ban hành",https://thuvienphapluat.vn/van-ban/Tai-nguyen-Moi-truong/Nghi-quyet-241-NQ-CP-2024-Ke-hoach-thuc-hien-Nghi-quyet-937-NQ-UBTVQH15-636432.aspx,Ban hành: 19/12/2024,19/12/2024
317,Nghị quyết 240/NQ-CP về Phiên họp chuyên đề xây dựng pháp luật tháng 11 năm 2024 do Chính phủ ban hành,https://thuvienphapluat.vn/van-ban/Bo-may-hanh-chinh/Nghi-quyet-240-NQ-CP-2024-Phien-hop-chuyen-de-ve-xay-dung-phap-luat-thang-11-636023.aspx,Ban hành: 17/12/2024,17/12/2024
318,"Nghị quyết 1321/NQ-UBTVQH15 năm 2024 điều chỉnh Kế hoạch đầu tư công của các Bộ, cơ quan trung ương và địa phương do Ủy ban Thường vụ Quốc hội ban hành",https://thuvienphapluat.vn/van-ban/Dau-tu/Nghi-quyet-1321-NQ-UBTVQH15-2024-dieu-chinh-Ke-hoach-dau-tu-cong-cua-cac-Bo-636297.aspx,Ban hành: 16/12/2024,16/12/2024
319,Nghị quyết 234/NQ-CP năm 2024 về Nghị định thư sửa đổi Thỏa thuận thừa nhận lẫn nhau giữa các nước ASEAN trong thanh tra Thực hành tốt sản xuất (GMP) đối với các cơ sở sản xuất dược phẩm do Chính phủ ban hành,https://thuvienphapluat.vn/van-ban/The-thao-Y-te/Nghi-quyet-234-NQ-CP-2024-sua-doi-Thoa-thuan-thua-nhan-thanh-tra-Thuc-hanh-tot-san-xuat-635270.aspx,Ban hành: 12/12/2024,12/12/2024
320,"Nghị quyết 59/2024/UBTVQH15 điều chỉnh Chương trình xây dựng luật, pháp lệnh năm 2025 do Ủy ban Thường vụ Quốc hội ban hành",https://thuvienphapluat.vn/van-ban/Bo-may-hanh-chinh/Nghi-quyet-59-2024-UBTVQH15-dieu-chinh-Chuong-trinh-xay-dung-luat-phap-lenh-2025-635873.aspx,Ban hành: 11/12/2024,11/12/2024
321,Nghị quyết 233/NQ-CP về Phiên họp Chính phủ thường kỳ tháng 11 năm 2024,https://thuvienphapluat.vn/van-ban/Bo-may-hanh-chinh/Nghi-quyet-233-NQ-CP-2024-Phien-hop-Chinh-phu-thuong-ky-thang-11-635144.aspx,Ban hành: 10/12/2024,10/12/2024
322,"Nghị quyết 1318/NQ-UBTVQH15 năm 2024 sắp xếp đơn vị hành chính cấp huyện, cấp xã của tỉnh Ninh Bình giai đoạn 2023-2025 do Ủy ban Thường vụ Quốc hội ban hành",https://thuvienphapluat.vn/van-ban/Bo-may-hanh-chinh/Nghi-quyet-1318-NQ-UBTVQH15-2024-sap-xep-don-vi-hanh-chinh-cap-huyen-Ninh-Binh-635682.aspx,Ban hành: 10/12/2024,10/12/2024
323,"Nghị quyết 1314/NQ-UBTVQH15 năm 2024 sắp xếp đơn vị hành chính cấp huyện, xã của thành phố Huế giai đoạn 2023-2025 do Quốc hội ban hành",https://thuvienphapluat.vn/van-ban/Bo-may-hanh-chinh/Nghi-quyet-1314-NQ-UBTVQH15-2024-sap-xep-don-vi-hanh-chinh-cap-huyen-cap-xa-thanh-pho-Hue-634158.aspx,Ban hành: 30/11/2024,30/11/2024
324,Nghị quyết 175/2024/QH15 thành lập thành phố Huế trực thuộc trung ương do Quốc hội ban hành,https://thuvienphapluat.vn/van-ban/Bo-may-hanh-chinh/Nghi-quyet-175-2024-QH15-thanh-lap-thanh-pho-Hue-truc-thuoc-trung-uong-634162.aspx,Ban hành: 30/11/2024,30/11/2024
325,"Nghị quyết 173/2024/QH15 về hoạt động chất vấn tại kỳ họp thứ 8, Quốc hội khóa XV",https://thuvienphapluat.vn/van-ban/Bo-may-hanh-chinh/Nghi-quyet-173-2024-QH15-hoat-dong-chat-van-tai-ky-hop-thu-8-Quoc-hoi-khoa-XV-635522.aspx,Ban hành: 30/11/2024,30/11/2024
326,Nghị quyết 169/2024/QH15 về tổ chức chính quyền đô thị tại thành phố Hải Phòng​ do Quốc hội ban hành,https://thuvienphapluat.vn/van-ban/Bo-may-hanh-chinh/Nghi-quyet-169-2024-QH15-to-chuc-chinh-quyen-do-thi-tai-thanh-pho-Hai-Phong-633898.aspx,Ban hành: 30/11/2024,30/11/2024
327,"Nghị quyết 174/2024/QH15 về Kỳ họp thứ 8, Quốc hội khóa XV",https://thuvienphapluat.vn/van-ban/Bo-may-hanh-chinh/Nghi-quyet-174-2024-QH15-Ky-hop-thu-8-Quoc-hoi-khoa-XV-635193.aspx,Ban hành: 30/11/2024,30/11/2024
328,Nghị quyết 171/2024/QH15 thí điểm thực hiện dự án nhà ở thương mại thông qua thỏa thuận về nhận quyền sử dụng đất hoặc đang có quyền sử dụng đất do Quốc hội ban hành,https://thuvienphapluat.vn/van-ban/Bat-dong-san/Nghi-quyet-171-2024-QH15-du-an-nha-o-thuong-mai-thong-qua-thoa-thuan-ve-nhan-quyen-su-dung-dat-609904.aspx,Ban hành: 30/11/2024,30/11/2024
329,"Nghị quyết 170/2024/QH15 về Cơ chế, chính sách đặc thù để tháo gỡ khó khăn, vướng mắc đối với dự án, đất đai trong kết luận thanh tra, kiểm tra, bản án tại thành phố Hồ Chí Minh, thành phố Đà Nẵng và tỉnh Khánh Hòa do Quốc hội ban hành",https://thuvienphapluat.vn/van-ban/Bat-dong-san/Nghi-quyet-170-2024-QH15-chinh-sach-dac-thu-thao-go-kho-khan-du-an-dat-dai-Ho-Chi-Minh-642819.aspx,Ban hành: 30/11/2024,30/11/2024
330,Nghị quyết 172/2024/QH15 chủ trương đầu tư Dự án đường sắt tốc độ cao trên trục Bắc - Nam do Quốc hội ban hành,https://thuvienphapluat.vn/van-ban/Dau-tu/Nghi-quyet-172-2024-QH15-chu-truong-dau-tu-Du-an-duong-sat-toc-do-cao-tren-truc-Bac-Nam-636501.aspx,Ban hành: 30/11/2024,30/11/2024
331,"Nghị quyết 164/2024/QH15 thí điểm xử lý vật chứng, tài sản trong quá trình điều tra, truy tố, xét xử vụ việc, vụ án hình sự do Quốc hội ban hành",https://thuvienphapluat.vn/van-ban/Trach-nhiem-hinh-su/Nghi-quyet-164-2024-QH15-thi-diem-xu-ly-vat-chung-trong-qua-trinh-dieu-tra-vu-an-hinh-su-634121.aspx,Ban hành: 28/11/2024,28/11/2024
332,Nghị quyết 162/2024/QH15 phê duyệt chủ trương đầu tư Chương trình mục tiêu quốc gia về phát triển văn hóa giai đoạn 2025-2035 do Quốc hội ban hành,https://thuvienphapluat.vn/van-ban/Dau-tu/Nghi-quyet-162-2024-QH15-chu-truong-dau-tu-Chuong-trinh-phat-trien-van-hoa-giai-doan-2025-2035-634177.aspx,Ban hành: 27/11/2024,27/11/2024
333,"Nghị quyết 163/2024/QH15 phê duyệt chủ trương đầu tư Chương trình mục tiêu quốc gia phòng, chống ma túy đến năm 2030 do Quốc hội ban hành",https://thuvienphapluat.vn/van-ban/Dau-tu/Nghi-quyet-163-2024-QH15-chu-truong-dau-tu-Chuong-trinh-phong-chong-ma-tuy-den-2030-634178.aspx,Ban hành: 27/11/2024,27/11/2024
334,"Nghị quyết 161/2024/QH15 tiếp tục nâng cao hiệu lực, hiệu quả việc thực hiện chính sách, pháp luật về quản lý thị trường bất động sản và phát triển nhà ở xã hội do Quốc hội ban hành",https://thuvienphapluat.vn/van-ban/Bat-dong-san/Nghi-quyet-161-2024-QH15-nang-cao-hieu-qua-thuc-hien-phap-luat-quan-ly-thi-truong-bat-dong-san-634132.aspx,Ban hành: 23/11/2024,23/11/2024
335,Nghị quyết 56/2024/UBTVQH15 về Quy chế phối hợp giữa Tòa án nhân dân tối cao và Bộ Quốc phòng trong việc quản lý các Tòa án quân sự về tổ chức do Ủy ban Thường vụ Quốc hội ban hành,https://thuvienphapluat.vn/van-ban/Bo-may-hanh-chinh/Nghi-quyet-56-2024-UBTVQH15-Quy-che-phoi-hop-quan-ly-Toa-an-quan-su-ve-to-chuc-634280.aspx,Ban hành: 15/11/2024,15/11/2024
336,"Nghị quyết 57/2024/UBTVQH15 phê chuẩn đề nghị của Chánh án Tòa án nhân dân tối cao về cục, vụ và tương đương, cơ quan báo chí của Tòa án nhân dân tối cao do Ủy ban Thường vụ Quốc hội ban hành",https://thuvienphapluat.vn/van-ban/Bo-may-hanh-chinh/Nghi-quyet-57-2024-UBTVQH15-phe-chuan-de-nghi-Chanh-an-Toa-an-toi-cao-ve-co-quan-bao-chi-634279.aspx,Ban hành: 15/11/2024,15/11/2024
337,Nghị quyết 1294/NQ-UBTVQH15 năm 2024 thành lập Ban Chỉ đạo chuyển đổi số của Quốc hội do Ủy ban Thường vụ Quốc hội ban hành,https://thuvienphapluat.vn/van-ban/Cong-nghe-thong-tin/Nghi-quyet-1294-NQ-UBTVQH15-2024-thanh-lap-Ban-Chi-dao-chuyen-doi-so-cua-Quoc-hoi-634811.aspx,Ban hành: 15/11/2024,15/11/2024
338,"Nghị quyết 1280/NQ-UBTVQH15 năm 2024 sắp xếp đơn vị hành chính cấp huyện, cấp xã của tỉnh Sơn La giai đoạn 2023-2025 do Ủy ban Thường vụ Quốc hội ban hành",https://thuvienphapluat.vn/van-ban/Bo-may-hanh-chinh/Nghi-quyet-1280-NQ-UBTVQH15-2024-sap-xep-don-vi-hanh-chinh-huyen-xa-Son-La-632495.aspx,Ban hành: 14/11/2024,14/11/2024
339,Nghị quyết 1287/NQ-UBTVQH15 năm 2024 sắp xếp đơn vị hành chính cấp xã của tỉnh Vĩnh Phúc giai đoạn 2023-2025 do Ủy ban Thường vụ Quốc hội ban hành,https://thuvienphapluat.vn/van-ban/Bo-may-hanh-chinh/Nghi-quyet-1287-NQ-UBTVQH15-2024-sap-xep-don-vi-hanh-chinh-cap-xa-tinh-Vinh-Phuc-632516.aspx,Ban hành: 14/11/2024,14/11/2024
340,"Nghị quyết 1288/NQ-UBTVQH15 năm 2024 sắp xếp các đơn vị hành chính cấp huyện, cấp xã của tỉnh Hà Nam giai đoạn 2023-2025 do Ủy ban Thường vụ Quốc hội ban hành",https://thuvienphapluat.vn/van-ban/Bo-may-hanh-chinh/Nghi-quyet-1288-NQ-UBTVQH15-2024-sap-xep-cac-don-vi-hanh-chinh-cap-huyen-tinh-Ha-Nam-632517.aspx,Ban hành: 14/11/2024,14/11/2024
341,Nghị quyết 1277/NQ-UBTVQH15 năm 2024 sắp xếp đơn vị hành chính cấp xã của tỉnh Trà Vinh giai đoạn 2023-2025 do Ủy ban Thường vụ Quốc hội ban hành,https://thuvienphapluat.vn/van-ban/Bo-may-hanh-chinh/Nghi-quyet-1277-NQ-UBTVQH15-2024-sap-xep-don-vi-hanh-chinh-cap-xa-Tra-Vinh-632489.aspx,Ban hành: 14/11/2024,14/11/2024
342,Nghị quyết 1278/NQ-UBTVQH15 năm 2024 sắp xếp đơn vị hành chính cấp xã của Thành phố Hồ Chí Minh giai đoạn 2023-2025 do Ủy ban Thường vụ Quốc hội ban hành,https://thuvienphapluat.vn/van-ban/Bo-may-hanh-chinh/Nghi-quyet-1278-NQ-UBTVQH15-2024-sap-xep-don-vi-hanh-chinh-cap-xa-Ho-Chi-Minh-632490.aspx,Ban hành: 14/11/2024,14/11/2024
343,Nghị quyết 1279/NQ-UBTVQH15 năm 2024 sắp xếp đơn vị hành chính cấp xã của tỉnh Quảng Ngãi giai đoạn 2023-2025 do Ủy ban Thường vụ Quốc hội ban hành,https://thuvienphapluat.vn/van-ban/Bo-may-hanh-chinh/Nghi-quyet-1279-NQ-UBTVQH15-2024-sap-xep-don-vi-hanh-chinh-cap-xa-Quang-Ngai-632494.aspx,Ban hành: 14/11/2024,14/11/2024
344,Nghị quyết 1284/NQ-UBTVQH15 năm 2024 sắp xếp đơn vị hành chính cấp xã của tỉnh Đồng Tháp giai đoạn 2023-2025 do Ủy ban Thường vụ Quốc hội ban hành,https://thuvienphapluat.vn/van-ban/Bo-may-hanh-chinh/Nghi-quyet-1284-NQ-UBTVQH15-2024-sap-xep-don-vi-hanh-chinh-cap-xa-tinh-Dong-Thap-632509.aspx,Ban hành: 14/11/2024,14/11/2024
345,Nghị quyết 1285/NQ-UBTVQH15 năm 2024 sắp xếp đơn vị hành chính cấp xã của tỉnh An Giang giai đoạn 2023-2025 do Ủy ban Thường vụ Quốc hội ban hành,https://thuvienphapluat.vn/van-ban/Bo-may-hanh-chinh/Nghi-quyet-1285-NQ-UBTVQH15-2024-sap-xep-don-vi-hanh-chinh-cap-xa-An-Giang-2023-2025-632510.aspx,Ban hành: 14/11/2024,14/11/2024
346,Nghị quyết 1286/NQ-UBTVQH15 năm 2024 sắp xếp đơn vị hành chính cấp xã của Thành phố Hà Nội giai đoạn 2023-2025 do Ủy ban Thường vụ Quốc hội ban hành,https://thuvienphapluat.vn/van-ban/Bo-may-hanh-chinh/Nghi-quyet-1286-NQ-UBTVQH15-2024-sap-xep-don-vi-hanh-chinh-cap-xa-Ha-Noi-2023-2025-632511.aspx,Ban hành: 14/11/2024,14/11/2024
347,Nghị quyết 1281/NQ-UBTVQH15 năm 2024 sắp xếp đơn vị hành chính cấp xã của tỉnh Quảng Trị giai đoạn 2023-2025 do Ủy ban Thường vụ Quốc hội ban hành,https://thuvienphapluat.vn/van-ban/Bo-may-hanh-chinh/Nghi-quyet-1281-NQ-UBTVQH15-2024-sap-xep-don-vi-hanh-chinh-cap-xa-tinh-Quang-Tri-632497.aspx,Ban hành: 14/11/2024,14/11/2024
348,Nghị quyết 1282/NQ-UBTVQH15 năm 2024 sắp xếp đơn vị hành chính cấp xã của tỉnh Phú Thọ giai đoạn 2023-2025 do Ủy ban Thường vụ Quốc hội ban hành,https://thuvienphapluat.vn/van-ban/Bo-may-hanh-chinh/Nghi-quyet-1282-NQ-UBTVQH15-2024-sap-xep-don-vi-hanh-chinh-cap-xa-Phu-Tho-2023-2025-632498.aspx,Ban hành: 14/11/2024,14/11/2024
349,"Nghị quyết 1283/NQ-UBTVQH15 năm 2024 sắp xếp đơn vị hành chính cấp huyện, cấp xã của tỉnh Hà Tĩnh giai đoạn 2023-2025 do Ủy ban Thường vụ Quốc hội ban hành",https://thuvienphapluat.vn/van-ban/Bo-may-hanh-chinh/Nghi-quyet-1283-NQ-UBTVQH15-2024-sap-xep-don-vi-hanh-chinh-cap-huyen-cap-xa-Ha-Tinh-632499.aspx,Ban hành: 14/11/2024,14/11/2024
350,Nghị quyết 159/2024/QH15 dự toán ngân sách nhà nước năm 2025 do Quốc hội ban hành,https://thuvienphapluat.vn/van-ban/Tai-chinh-nha-nuoc/Nghi-quyet-159-2024-QH15-du-toan-ngan-sach-nha-nuoc-nam-2025-634159.aspx,Ban hành: 13/11/2024,13/11/2024
351,Nghị quyết 160/2024/QH15 phân bổ ngân sách trung ương năm 2025 do Quốc hội ban hành,https://thuvienphapluat.vn/van-ban/Tai-chinh-nha-nuoc/Nghi-quyet-160-2024-QH15-phan-bo-ngan-sach-trung-uong-2025-634160.aspx,Ban hành: 13/11/2024,13/11/2024
352,Nghị quyết 218/NQ-CP về Phiên họp Chính phủ thường kỳ tháng 10 năm 2024,https://thuvienphapluat.vn/van-ban/Bo-may-hanh-chinh/Nghi-quyet-218-NQ-CP-2024-Phien-hop-Chinh-phu-thuong-ky-thang-10-631636.aspx,Ban hành: 12/11/2024,12/11/2024
353,Nghị quyết 158/2024/QH15 về Kế hoạch phát triển kinh tế - xã hội năm 2025 do Quốc hội ban hành,https://thuvienphapluat.vn/van-ban/Thuong-mai/Nghi-quyet-158-2024-QH15-Ke-hoach-phat-trien-kinh-te-xa-hoi-nam-2025-634120.aspx,Ban hành: 12/11/2024,12/11/2024
354,"Nghị quyết 209/NQ-CP năm 2024 về Kế hoạch thực hiện Chỉ thị 31-CT/TW về tiếp tục tăng cường sự lãnh đạo của Đảng đối với công tác an toàn, vệ sinh lao động trong tình hình mới do Chính phủ ban hành",https://thuvienphapluat.vn/van-ban/Lao-dong-Tien-luong/Nghi-quyet-209-NQ-CP-2024-thuc-hien-Chi-thi-31-CT-TW-lanh-dao-cong-tac-an-toan-ve-sinh-lao-dong-629255.aspx,Ban hành: 28/10/2024,28/10/2024
355,Nghị quyết 208/NQ-CP năm 2024 về tình hình thực hiện Nghị quyết 23/NQ-CP về phát triển kinh tế khu vực biên giới đất liền năm 2023 do Chính phủ ban hành,https://thuvienphapluat.vn/van-ban/Thuong-mai/Nghi-quyet-208-NQ-CP-2024-tinh-hinh-thuc-hien-Nghi-quyet-23-NQ-CP-kinh-te-khu-vuc-bien-gioi-dat-lien-629409.aspx,Ban hành: 28/10/2024,28/10/2024
356,"Nghị quyết 55/2024/UBTVQH15 điều chỉnh Chương trình xây dựng luật, pháp lệnh do Ủy ban Thường vụ Quốc hội ban hành",https://thuvienphapluat.vn/van-ban/Bo-may-hanh-chinh/Nghi-quyet-55-2024-UBTVQH15-dieu-chinh-Chuong-trinh-xay-dung-luat-phap-lenh-629254.aspx,Ban hành: 28/10/2024,28/10/2024
357,"Nghị quyết 1232/NQ-UBTVQH15 năm 2024 sắp xếp đơn vị hành chính cấp huyện, cấp xã của thành phố Hải Phòng giai đoạn 2023-2025 do Ủy ban Thường vụ Quốc hội ban hành",https://thuvienphapluat.vn/van-ban/Bo-may-hanh-chinh/Nghi-quyet-1232-NQ-UBTVQH15-2024-sap-xep-don-vi-hanh-chinh-cap-huyen-cap-xa-Hai-Phong-629954.aspx,Ban hành: 24/10/2024,24/10/2024
358,"Nghị quyết 1238/NQ-UBTVQH15 năm 2024 sắp xếp đơn vị hành chính cấp huyện, cấp xã của tỉnh Thanh Hóa giai đoạn 2023-2025 do Ủy ban Thường vụ Quốc hội ban hành",https://thuvienphapluat.vn/van-ban/Bo-may-hanh-chinh/Nghi-quyet-1238-NQ-UBTVQH15-2024-sap-xep-don-vi-hanh-chinh-huyen-Thanh-Hoa-2023-2025-629958.aspx,Ban hành: 24/10/2024,24/10/2024
359,"Nghị quyết 1241/NQ-UBTVQH15 năm 2024 sắp xếp đơn vị hành chính cấp huyện, cấp xã của tỉnh Quảng Nam giai đoạn 2023-2025 do Ủy ban Thường vụ Quốc hội ban hành",https://thuvienphapluat.vn/van-ban/Bo-may-hanh-chinh/Nghi-quyet-1241-NQ-UBTVQH15-2024-sap-xep-don-vi-hanh-chinh-cap-huyen-tinh-Quang-Nam-629960.aspx,Ban hành: 24/10/2024,24/10/2024
360,Nghị quyết 1237/NQ-UBTVQH15 năm 2024 sắp xếp đơn vị hành chính cấp xã của tỉnh Bến Tre giai đoạn 2023-2025 do Ủy ban Thường vụ Quốc hội ban hành,https://thuvienphapluat.vn/van-ban/Bo-may-hanh-chinh/Nghi-quyet-1237-NQ-UBTVQH15-2024-sap-xep-don-vi-hanh-chinh-cap-xa-cua-tinh-Ben-Tre-629953.aspx,Ban hành: 24/10/2024,24/10/2024
361,Nghị quyết 1239/NQ-UBTVQH15 năm 2024 sắp xếp đơn vị hành chính cấp xã của tỉnh Yên Bái giai đoạn 2023–2025 do Ủy ban Thường vụ Quốc hội ban hành,https://thuvienphapluat.vn/van-ban/Bo-may-hanh-chinh/Nghi-quyet-1239-NQ-UBTVQH15-2024-sap-xep-don-vi-hanh-chinh-cap-xa-Yen-Bai-giai-doan-2023-2025-629957.aspx,Ban hành: 24/10/2024,24/10/2024
362,Nghị quyết 1240/NQ-UBTVQH15 năm 2024 sắp xếp đơn vị hành chính cấp xã của tỉnh Thái Nguyên giai đoạn 2023-2025 do Ủy ban Thường vụ Quốc hội ban hành,https://thuvienphapluat.vn/van-ban/Bo-may-hanh-chinh/Nghi-quyet-1240-NQ-UBTVQH15-2024-sap-xep-don-vi-hanh-chinh-cap-xa-cua-tinh-Thai-Nguyen-629959.aspx,Ban hành: 24/10/2024,24/10/2024
363,"Nghị quyết 1256/NQ-UBTVQH15 năm 2024 sắp xếp đơn vị hành chính cấp huyện, cấp xã của tỉnh Bà Rịa - Vũng Tàu giai đoạn 2023-2025 do Ủy ban Thường vụ Quốc hội ban hành",https://thuvienphapluat.vn/van-ban/Bo-may-hanh-chinh/Nghi-quyet-1256-NQ-UBTVQH15-2024-sap-xep-don-vi-hanh-chinh-cap-huyen-Vung-Tau-630165.aspx,Ban hành: 24/10/2024,24/10/2024
364,"Nghị quyết 1251/NQ-UBTVQH15 năm 2024 sắp xếp đơn vị hành chính cấp huyện, cấp xã của thành phố Đà Nẵng giai đoạn 2023-2025 do Ủy ban Thường vụ Quốc hội ban hành",https://thuvienphapluat.vn/van-ban/Bo-may-hanh-chinh/Nghi-quyet-1251-NQ-UBTVQH15-2024-sap-xep-don-vi-hanh-chinh-cap-huyen-Da-Nang-2023-2025-630160.aspx,Ban hành: 24/10/2024,24/10/2024
365,Nghị quyết 1242/NQ-UBTVQH15 năm 2024 sắp xếp đơn vị hành chính cấp xã của tỉnh Quảng Bình giai đoạn 2023-2025 do Ủy ban Thường vụ Quốc hội ban hành,https://thuvienphapluat.vn/van-ban/Bo-may-hanh-chinh/Nghi-quyet-1242-NQ-UBTVQH15-2024-sap-xep-don-vi-hanh-chinh-cap-xa-Quang-Binh-2023-2025-630118.aspx,Ban hành: 24/10/2024,24/10/2024
366,"Nghị quyết 1243/NQ-UBTVQH15 năm 2024 sắp xếp đơn vị hành chính cấp huyện, cấp xã của tỉnh Nghệ An giai đoạn 2023-2025 do Ủy ban Thường vụ Quốc hội ban hành",https://thuvienphapluat.vn/van-ban/Bo-may-hanh-chinh/Nghi-quyet-1243-NQ-UBTVQH15-2024-sap-xep-don-vi-hanh-chinh-cap-huyen-Nghe-An-630119.aspx,Ban hành: 24/10/2024,24/10/2024
367,Nghị quyết 1244/NQ-UBTVQH15 năm 2024 sắp xếp đơn vị hành chính cấp xã của tỉnh Long An giai đoạn 2023-2025 do Ủy ban Thường vụ Quốc hội ban hành,https://thuvienphapluat.vn/van-ban/Bo-may-hanh-chinh/Nghi-quyet-1244-NQ-UBTVQH15-2024-sap-xep-don-vi-hanh-chinh-cap-xa-Long-An-giai-doan-2023-2025-630120.aspx,Ban hành: 24/10/2024,24/10/2024
368,"Nghị quyết 1245/NQ-UBTVQH15 năm 2024 sắp xếp đơn vị hành chính cấp huyện, cấp xã của tỉnh Lâm Đồng giai đoạn 2023-2025 do Ủy ban Thường vụ Quốc hội ban hành",https://thuvienphapluat.vn/van-ban/Bo-may-hanh-chinh/Nghi-quyet-1245-NQ-UBTVQH15-2024-sap-xep-don-vi-hanh-chinh-cap-huyen-tinh-Lam-Dong-630121.aspx,Ban hành: 24/10/2024,24/10/2024
369,Nghị quyết 1246/NQ-UBTVQH15 năm 2024 sắp xếp đơn vị hành chính cấp xã của tỉnh Lạng Sơn giai đoạn 2023-2025 do Ủy ban Thường vụ Quốc hội ban hành,https://thuvienphapluat.vn/van-ban/Bo-may-hanh-chinh/Nghi-quyet-1246-NQ-UBTVQH15-2024-sap-xep-don-vi-hanh-chinh-cap-xa-tinh-Lang-Son-630122.aspx,Ban hành: 24/10/2024,24/10/2024
370,Nghị quyết 1247/NQ-UBTVQH15 năm 2024 sắp xếp đơn vị hành chính cấp xã của tỉnh Kiên Giang giai đoạn 2023-2025 do Ủy ban Thường vụ Quốc hội ban hành,https://thuvienphapluat.vn/van-ban/Bo-may-hanh-chinh/Nghi-quyet-1247-NQ-UBTVQH15-2024-sap-xep-don-vi-hanh-chinh-cap-xa-tinh-Kien-Giang-630123.aspx,Ban hành: 24/10/2024,24/10/2024
371,Nghị quyết 1257/NQ-UBTVQH15 năm 2024 sắp xếp đơn vị hành chính cấp xã của tỉnh Bình Định giai đoạn 2023-2025 do Ủy ban Thường vụ Quốc hội ban hành,https://thuvienphapluat.vn/van-ban/Bo-may-hanh-chinh/Nghi-quyet-1257-NQ-UBTVQH15-2024-sap-xep-don-vi-hanh-chinh-cap-xa-tinh-Binh-Dinh-630166.aspx,Ban hành: 24/10/2024,24/10/2024
372,Nghị quyết 1253/NQ-UBTVQH15 năm 2024 sắp xếp đơn vị hành chính cấp xã của tỉnh Bình Thuận giai đoạn 2023-2025 do Ủy ban Thường vụ Quốc hội ban hành,https://thuvienphapluat.vn/van-ban/Bo-may-hanh-chinh/Nghi-quyet-1253-NQ-UBTVQH15-2024-sap-xep-don-vi-hanh-chinh-cap-xa-tinh-Binh-Thuan-2023-2025-630162.aspx,Ban hành: 24/10/2024,24/10/2024
373,Nghị quyết 1254/NQ-UBTVQH15 năm 2024 sắp xếp đơn vị hành chính cấp xã của tỉnh Bạc Liêu giai đoạn 2023-2025 do Ủy ban Thường vụ Quốc hội ban hành,https://thuvienphapluat.vn/van-ban/Bo-may-hanh-chinh/Nghi-quyet-1254-NQ-UBTVQH15-2024-sap-xep-don-vi-hanh-chinh-cap-xa-Bac-Lieu-630163.aspx,Ban hành: 24/10/2024,24/10/2024
374,Nghị quyết 1255/NQ-UBTVQH15 năm 2024 sắp xếp đơn vị hành chính cấp xã của tỉnh Bắc Ninh giai đoạn 2023-2025 do Ủy ban Thường vụ Quốc hội ban hành,https://thuvienphapluat.vn/van-ban/Bo-may-hanh-chinh/Nghi-quyet-1255-NQ-UBTVQH15-2024-sap-xep-don-vi-hanh-chinh-cap-xa-tinh-Bac-Ninh-630164.aspx,Ban hành: 24/10/2024,24/10/2024
375,Nghị quyết 1250/NQ-UBTVQH15 năm 2024 sắp xếp đơn vị hành chính cấp xã của tỉnh Hải Dương giai đoạn 2023-2025 do Ủy ban Thường vụ Quốc hội ban hành,https://thuvienphapluat.vn/van-ban/Bo-may-hanh-chinh/Nghi-quyet-1250-NQ-UBTVQH15-2024-sap-xep-don-vi-hanh-chinh-cap-xa-tinh-Hai-Duong-2023-2025-630159.aspx,Ban hành: 24/10/2024,24/10/2024
376,Nghị quyết 1252/NQ-UBTVQH15 năm 2024 sắp xếp đơn vị hành chính cấp xã của tỉnh Cà Mau giai đoạn 2023-2025 do Ủy ban Thường vụ Quốc hội ban hành,https://thuvienphapluat.vn/van-ban/Bo-may-hanh-chinh/Nghi-quyet-1252-NQ-UBTVQH15-2024-sap-xep-don-vi-hanh-chinh-cap-xa-tinh-Ca-Mau-2023-2025-630161.aspx,Ban hành: 24/10/2024,24/10/2024
377,Nghị quyết 1248/NQ-UBTVQH15 năm 2024 sắp xếp đơn vị hành chính cấp xã thuộc tỉnh Hưng Yên giai đoạn 2023-2025 do Ủy ban Thường vụ Quốc hội ban hành,https://thuvienphapluat.vn/van-ban/Bo-may-hanh-chinh/Nghi-quyet-1248-NQ-UBTVQH15-2024-sap-xep-don-vi-hanh-chinh-cap-xa-tinh-Hung-Yen-630124.aspx,Ban hành: 24/10/2024,24/10/2024
378,"Nghị quyết 200/NQ-CP năm 2024 xin lùi thời gian xây dựng nguyên tắc, tiêu chí và định mức phân bổ dự toán chi thường xuyên ngân sách nhà nước năm 2026 do Chính phủ ban hành",https://thuvienphapluat.vn/van-ban/Bo-may-hanh-chinh/Nghi-quyet-200-NQ-CP-2024-xin-lui-thoi-gian-xay-dung-tieu-chi-phan-bo-du-toan-ngan-sach-nha-nuoc-628490.aspx,Ban hành: 21/10/2024,21/10/2024
379,"Nghị quyết 54/2024/UBTVQH15 điều chỉnh Chương trình xây dựng luật, pháp lệnh năm 2024 do Ủy ban Thường vụ Quốc hội ban hành",https://thuvienphapluat.vn/van-ban/Bo-may-hanh-chinh/Nghi-quyet-54-2024-UBTVQH15-dieu-chinh-Chuong-trinh-xay-dung-luat-phap-lenh-628320.aspx,Ban hành: 16/10/2024,16/10/2024
380,Nghị quyết 188/NQ-CP về Phiên họp Chính phủ thường kỳ tháng 9 năm 2024 và Hội nghị trực tuyến Chính phủ với địa phương,https://thuvienphapluat.vn/van-ban/Bo-may-hanh-chinh/Nghi-quyet-188-NQ-CP-2024-Phien-hop-Chinh-phu-thuong-ky-thang-9-628841.aspx,Ban hành: 11/10/2024,11/10/2024
381,Nghị quyết 185/NQ-CP điều chỉnh dự toán vốn vay lại năm 2024 của các địa phương do Chính phủ ban hành,https://thuvienphapluat.vn/van-ban/Tai-chinh-nha-nuoc/Nghi-quyet-185-NQ-CP-2024-dieu-chinh-du-toan-von-vay-lai-cua-cac-dia-phuong-627335.aspx,Ban hành: 10/10/2024,10/10/2024
382,"Nghị quyết 182/NQ-CP năm 2024 thông qua Báo cáo đề xuất chủ trương đầu tư Chương trình mục tiêu quốc gia phòng, chống ma túy đến năm 2030 do Chính phủ ban hành",https://thuvienphapluat.vn/van-ban/Xay-dung-Do-thi/Nghi-quyet-182-NQ-CP-2024-thong-qua-Bao-cao-chu-truong-dau-tu-Chuong-trinh-phong-chong-ma-tuy-627041.aspx,Ban hành: 09/10/2024,09/10/2024
383,"Nghị quyết 1216/NQ-UBTVQH15 năm 2024 điều chỉnh chủ trương chuyển mục đích sử dụng rừng, đất rừng và đất trồng lúa nước từ hai vụ trở lên của Dự án xây dựng công trình đường bộ cao tốc Bắc - Nam phía Đông giai đoạn 2021-2025 do Ủy ban Thường vụ Quốc hội ban hành",https://thuvienphapluat.vn/van-ban/Bat-dong-san/Nghi-quyet-1216-NQ-UBTVQH15-2024-dieu-chinh-chu-truong-chuyen-muc-dich-su-dung-rung-627057.aspx,Ban hành: 08/10/2024,08/10/2024
384,"Nghị quyết 1215/NQ-UBTVQH15 phân bổ Kế hoạch đầu tư công trung hạn vốn ngân sách trung ương từ dự phòng chung ngân sách trung ương của Kế hoạch đầu tư công trung hạn giai đoạn 2021-2025 và Kế hoạch vốn năm 2024 cho các Bộ, địa phương để thực hiện các nhiệm vụ, dự án đã hoàn thiện thủ tục đầu tư do Ủy ban Thường vụ Quốc hội ban hành",https://thuvienphapluat.vn/van-ban/Dau-tu/Nghi-quyet-1215-NQ-UBTVQH15-2024-phan-bo-Ke-hoach-dau-tu-cong-trung-han-von-trung-uong-627056.aspx,Ban hành: 07/10/2024,07/10/2024
385,Nghị quyết 179/NQ-CP tình hình thực hiện kế hoạch tài chính năm 2024 và dự kiến kế hoạch tài chính năm 2025 của các quỹ tài chính nhà nước ngoài ngân sách do trung ương quản lý do Chính phủ ban hành,https://thuvienphapluat.vn/van-ban/Tai-chinh-nha-nuoc/Nghi-quyet-179-NQ-CP-2024-tinh-hinh-thuc-hien-ke-hoach-tai-chinh-cua-quy-tai-chinh-nha-nuoc-626846.aspx,Ban hành: 05/10/2024,05/10/2024
386,Nghị quyết 174/NQ-CP về Phiên họp chuyên đề xây dựng pháp luật tháng 9 năm 2024 do Chính phủ ban hành,https://thuvienphapluat.vn/van-ban/Bo-may-hanh-chinh/Nghi-quyet-174-NQ-CP-2024-Phien-hop-chuyen-de-xay-dung-phap-luat-thang-9-626379.aspx,Ban hành: 02/10/2024,02/10/2024
387,"Nghị quyết 169/NQ-CP năm 2024 về Chương trình hành động thực hiện Kết luận 79-KL/TW về tiếp tục thực hiện Nghị quyết 43-KL/TW về xây dựng và phát triển thành phố Đà Nẵng đến năm 2030, tầm nhìn đến năm 2045 do Chính phủ ban hành",https://thuvienphapluat.vn/van-ban/Xay-dung-Do-thi/Nghi-quyet-169-NQ-CP-2024-thuc-hien-Nghi-quyet-43-KL-TW-xay-dung-phat-trien-thanh-pho-Da-Nang-626007.aspx,Ban hành: 30/09/2024,30/09/2024
388,"Nghị quyết 1191/NQ-UBTVQH15 năm 2024 sắp xếp đơn vị hành chính cấp huyện, cấp xã của tỉnh Bắc Giang giai đoạn 2023-2025 do Ủy ban Thường vụ Quốc hội ban hành",https://thuvienphapluat.vn/van-ban/Bo-may-hanh-chinh/Nghi-quyet-1191-NQ-UBTVQH15-2024-sap-xep-don-vi-hanh-chinh-cap-huyen-tinh-Bac-Giang-626922.aspx,Ban hành: 28/09/2024,28/09/2024
389,Nghị quyết 1201/NQ-UBTVQH15 năm 2024 sắp xếp đơn vị hành chính cấp xã của tỉnh Thái Bình giai đoạn 2023-2025 do Ủy ban Thường vụ Quốc hội ban hành,https://thuvienphapluat.vn/van-ban/Bo-may-hanh-chinh/Nghi-quyet-1201-NQ-UBTVQH15-2024-sap-xep-don-vi-hanh-chinh-cap-xa-tinh-Thai-Binh-626936.aspx,Ban hành: 28/09/2024,28/09/2024
390,"Nghị quyết 1199/NQ-UBTVQH15 năm 2024 sắp xếp đơn vị hành chính cấp huyện, cấp xã của tỉnh Quảng Ninh giai đoạn 2023-2025 do Ủy ban Thường vụ Quốc hội ban hành",https://thuvienphapluat.vn/van-ban/Bo-may-hanh-chinh/Nghi-quyet-1199-NQ-UBTVQH15-2024-sap-xep-don-vi-hanh-chinh-cap-huyen-tinh-Quang-Ninh-626931.aspx,Ban hành: 28/09/2024,28/09/2024
391,Nghị quyết 1192/NQ-UBTVQH15 năm 2024 sắp xếp đơn vị hành chính cấp xã của thành phố Cần Thơ giai đoạn 2023-2025 do Ủy ban Thường vụ Quốc hội ban hành,https://thuvienphapluat.vn/van-ban/Bo-may-hanh-chinh/Nghi-quyet-1192-NQ-UBTVQH15-2024-sap-xep-don-vi-hanh-chinh-cap-xa-cua-thanh-pho-Can-Tho-626923.aspx,Ban hành: 28/09/2024,28/09/2024
392,Nghị quyết 1193/NQ-UBTVQH15 năm 2024 sắp xếp đơn vị hành chính cấp xã của tỉnh Đắk Lắk giai đoạn 2023-2025 do Ủy ban Thường vụ Quốc hội ban hành,https://thuvienphapluat.vn/van-ban/Bo-may-hanh-chinh/Nghi-quyet-1193-NQ-UBTVQH15-2024-sap-xep-don-vi-hanh-chinh-cap-xa-cua-tinh-Dak-Lak-626924.aspx,Ban hành: 28/09/2024,28/09/2024
393,Nghị quyết 1194/NQ-UBTVQH15 năm 2024 sắp xếp đơn vị hành chính cấp xã của tỉnh Đồng Nai giai đoạn 2023-2025 do Ủy ban Thường vụ Quốc hội ban hành,https://thuvienphapluat.vn/van-ban/Bo-may-hanh-chinh/Nghi-quyet-1194-NQ-UBTVQH15-2024-sap-xep-don-vi-hanh-chinh-cap-xa-cua-tinh-Dong-Nai-626925.aspx,Ban hành: 28/09/2024,28/09/2024
394,Nghị quyết 1195/NQ-UBTVQH15 năm 2024 sắp xếp đơn vị hành chính cấp xã của tỉnh Gia Lai giai đoạn 2023–2025 do Ủy ban Thường vụ Quốc hội ban hành,https://thuvienphapluat.vn/van-ban/Bo-may-hanh-chinh/Nghi-quyet-1195-NQ-UBTVQH15-2024-sap-xep-don-vi-hanh-chinh-cap-xa-tinh-Gia-Lai-626926.aspx,Ban hành: 28/09/2024,28/09/2024
395,Nghị quyết 1196/NQ-UBTVQH15 năm 2024 sắp xếp đơn vị hành chính cấp xã của tỉnh Khánh Hòa giai đoạn 2023-2025 do Ủy ban Thường vụ Quốc hội ban hành,https://thuvienphapluat.vn/van-ban/Bo-may-hanh-chinh/Nghi-quyet-1196-NQ-UBTVQH15-2024-sap-xep-don-vi-hanh-chinh-cap-xa-cua-tinh-Khanh-Hoa-626927.aspx,Ban hành: 28/09/2024,28/09/2024
396,Nghị quyết 1202/NQ-UBTVQH15 năm 2024 sắp xếp đơn vị hành chính cấp xã của tỉnh Tiền Giang giai đoạn 2023-2025 do Ủy ban Thường vụ Quốc hội ban hành,https://thuvienphapluat.vn/van-ban/Bo-may-hanh-chinh/Nghi-quyet-1202-NQ-UBTVQH15-2024-sap-xep-don-vi-hanh-chinh-cap-xa-Tien-Giang-2023-2025-626937.aspx,Ban hành: 28/09/2024,28/09/2024
397,Nghị quyết 1203/NQ-UBTVQH15 năm 2024 sắp xếp đơn vị hành chính cấp xã của tỉnh Vĩnh Long giai đoạn 2023-2025 do Ủy ban Thường vụ Quốc hội ban hành,https://thuvienphapluat.vn/van-ban/Bo-may-hanh-chinh/Nghi-quyet-1203-NQ-UBTVQH15-2024-sap-xep-don-vi-hanh-chinh-cap-xa-tinh-Vinh-Long-626938.aspx,Ban hành: 28/09/2024,28/09/2024
398,Nghị quyết 1197/NQ-UBTVQH15 năm 2024 sắp xếp đơn vị hành chính cấp xã của tỉnh Lào Cai giai đoạn 2023-2025 do Ủy ban Thường vụ Quốc hội ban hành,https://thuvienphapluat.vn/van-ban/Bo-may-hanh-chinh/Nghi-quyet-1197-NQ-UBTVQH15-2024-sap-xep-don-vi-hanh-chinh-cap-xa-Lao-Cai-2023-2025-626933.aspx,Ban hành: 28/09/2024,28/09/2024
399,Nghị quyết 1198/NQ-UBTVQH15 năm 2024 sắp xếp đơn vị hành chính cấp xã của tỉnh Ninh Thuận giai đoạn 2023-2025 do Ủy ban Thường vụ Quốc hội ban hành,https://thuvienphapluat.vn/van-ban/Bo-may-hanh-chinh/Nghi-quyet-1198-NQ-UBTVQH15-2024-sap-xep-don-vi-hanh-chinh-cap-xa-Ninh-Thuan-2023-2025-626934.aspx,Ban hành: 28/09/2024,28/09/2024
400,Nghị quyết 1200/NQ-UBTVQH15 năm 2024 sắp xếp đơn vị hành chính cấp xã của tỉnh Phú Yên giai đoạn 2023–2025 do Ủy ban Thường vụ Quốc hội ban hành,https://thuvienphapluat.vn/van-ban/Bo-may-hanh-chinh/Nghi-quyet-1200-NQ-UBTVQH15-2024-sap-xep-don-vi-hanh-chinh-cap-xa-tinh-Phu-Yen-626935.aspx,Ban hành: 28/09/2024,28/09/2024
401,"Nghị quyết 53/2024/UBTVQH15 điều chỉnh Chương trình xây dựng luật, pháp lệnh năm 2024 do Ủy ban Thường vụ Quốc hội ban hành",https://thuvienphapluat.vn/van-ban/Bo-may-hanh-chinh/Nghi-quyet-53-2024-UBTVQH15-dieu-chinh-Chuong-trinh-xay-dung-luat-626155.aspx,Ban hành: 26/09/2024,26/09/2024
402,"Nghị quyết 1313/NQ-UBTVQH15 năm 2024 giám sát chuyên đề việc thực hiện chính sách, pháp luật về bảo đảm trật tự an toàn giao thông từ năm 2009 đến hết năm 2023 do Ủy ban Thường vụ Quốc hội ban hành",https://thuvienphapluat.vn/van-ban/Bo-may-hanh-chinh/Nghi-quyet-1313-NQ-UBTVQH15-2024-giam-sat-chuyen-de-thuc-hien-phap-luat-ve-an-toan-giao-thong-646640.aspx,Ban hành: 25/09/2024,25/09/2024
403,Nghị quyết 150/NQ-CP năm 2024 về dự thảo Nghị quyết của Quốc hội về tổ chức chính quyền đô thị tại thành phố Hải Phòng do Chính phủ ban hành,https://thuvienphapluat.vn/van-ban/Bo-may-hanh-chinh/Nghi-quyet-150-NQ-CP-2024-du-thao-Nghi-quyet-to-chuc-chinh-quyen-do-thi-tai-thanh-pho-Hai-Phong-625679.aspx,Ban hành: 24/09/2024,24/09/2024
404,Nghị quyết 151/NQ-CP năm 2024 trình Ủy ban Thường vụ Quốc hội dự thảo Nghị quyết về tổ chức chính quyền đô thị tại thành phố Hải Phòng theo trình tự thủ tục rút gọn do Chính phủ ban hành,https://thuvienphapluat.vn/van-ban/Bo-may-hanh-chinh/Nghi-quyet-151-NQ-CP-2024-trinh-du-thao-Nghi-quyet-to-chuc-chinh-quyen-do-thi-Hai-Phong-rut-gon-625574.aspx,Ban hành: 24/09/2024,24/09/2024
405,"Nghị quyết 149/NQ-CP năm 2024 xin chủ trương điều chỉnh quy hoạch sử dụng đất thời kỳ 2021-2030, tầm nhìn đến năm 2050 do Chính phủ ban hành",https://thuvienphapluat.vn/van-ban/Bat-dong-san/Nghi-quyet-149-NQ-CP-2024-xin-chu-truong-dieu-chinh-quy-hoach-su-dung-dat-thoi-ky-2021-2030-626621.aspx,Ban hành: 23/09/2024,23/09/2024
406,Nghị quyết 148/NQ-CP phiên họp chuyên đề về xây dựng pháp luật tháng 9 năm 2024 do Chính phủ ban hành,https://thuvienphapluat.vn/van-ban/Bo-may-hanh-chinh/Nghi-quyet-148-NQ-CP-2024-phien-hop-chuyen-de-xay-dung-phap-luat-thang-9-625594.aspx,Ban hành: 22/09/2024,22/09/2024
407,Nghị quyết 147/NQ-CP năm 2024 triển khai Nghị quyết 138/2024/QH15 về chủ trương đầu tư Dự án đầu tư xây dựng đường cao tốc Bắc - Nam phía Tây đoạn Gia Nghĩa (Đắk Nông) - Chơn Thành (Bình Phước) do Chính phủ ban hành,https://thuvienphapluat.vn/van-ban/Dau-tu/Nghi-quyet-147-NQ-CP-2024-trien-khai-Nghi-quyet-138-2024-QH15-Du-an-cao-toc-Bac-Nam-phia-Tay-625416.aspx,Ban hành: 20/09/2024,20/09/2024
408,"Nghị quyết 146/NQ-CP năm 2024 phê duyệt kết quả pháp điển hệ thống quy phạm pháp luật đối với các chủ đề: Chính sách xã hội; Công nghiệp; Doanh nghiệp, hợp tác xã; Lao động; Ngoại giao, điều ước quốc tế; Nông nghiệp, nông thôn; Thi hành án và 06 đề mục do Chính phủ ban hành",https://thuvienphapluat.vn/van-ban/Bo-may-hanh-chinh/Nghi-quyet-146-NQ-CP-2024-phap-dien-he-thong-quy-pham-phap-luat-chu-de-Chinh-sach-xa-hoi-Cong-nghiep-625419.aspx,Ban hành: 19/09/2024,19/09/2024
409,Nghị quyết 144/NQ-CP năm 2024 xác định địa giới đơn vị hành chính giữa tỉnh Thừa Thiên Huế và thành phố Đà Nẵng do lịch sử để lại do Chính phủ ban hành,https://thuvienphapluat.vn/van-ban/Bo-may-hanh-chinh/Nghi-quyet-144-NQ-CP-2024-xac-dinh-dia-gioi-don-vi-hanh-chinh-giua-Hue-va-Da-Nang-do-lich-su-de-lai-624984.aspx,Ban hành: 18/09/2024,18/09/2024
410,"Nghị quyết 143/NQ-CP năm 2024 về nhiệm vụ, giải pháp trọng tâm để khẩn trương khắc phục hậu quả bão số 3 (Yagi), nhanh chóng ổn định tình hình Nhân dân, đẩy mạnh khôi phục sản xuất kinh doanh, tích cực thúc đẩy tăng trưởng kinh tế, kiểm soát tốt lạm phát do Chính phủ ban hành",https://thuvienphapluat.vn/van-ban/Thuong-mai/Nghi-quyet-143-NQ-CP-2024-giai-phap-trong-tam-de-khan-truong-khac-phuc-hau-qua-bao-so-3-624841.aspx,Ban hành: 17/09/2024,17/09/2024
411,Nghị quyết 1175/NQ-UBTVQH15 năm 2024 tiếp tục thực hiện các Nghị quyết của Ủy ban Thường vụ Quốc hội về giám sát chuyên đề và chất vấn từ đầu nhiệm kỳ Quốc hội Khóa XV đến hết năm 2023,https://thuvienphapluat.vn/van-ban/Bo-may-hanh-chinh/Nghi-quyet-1175-NQ-UBTVQH15-2024-thuc-hien-Nghi-quyet-ve-giam-sat-chuyen-de-Khoa-XV-629430.aspx,Ban hành: 16/09/2024,16/09/2024
412,Nghị quyết 140/NQ-CP năm 2024 thông qua Báo cáo đề xuất chủ trương đầu tư Chương trình mục tiêu quốc gia về phát triển văn hóa giai đoạn 2025-2035 do Chính phủ ban hành,https://thuvienphapluat.vn/van-ban/Dau-tu/Nghi-quyet-140-NQ-CP-2024-Bao-cao-de-xuat-chu-truong-dau-tu-phat-trien-van-hoa-2025-2035-624451.aspx,Ban hành: 13/09/2024,13/09/2024
413,Nghị quyết 128/NQ-CP về Phiên họp Chính phủ thường kỳ tháng 8 năm 2024,https://thuvienphapluat.vn/van-ban/Bo-may-hanh-chinh/Nghi-quyet-128-NQ-CP-2024-Phien-hop-Chinh-phu-thuong-ky-thang-8-624426.aspx,Ban hành: 08/09/2024,08/09/2024
414,Nghị quyết 126/NQ-CP phiên họp chuyên đề về xây dựng pháp luật tháng 8 năm 2024 do Chính phủ ban hành,https://thuvienphapluat.vn/van-ban/Bo-may-hanh-chinh/Nghi-quyet-126-NQ-CP-2024-phien-hop-chuyen-de-ve-xay-dung-phap-luat-thang-8-623089.aspx,Ban hành: 01/09/2024,01/09/2024
415,Nghị quyết 1158/NQ-UBTVQH15 năm 2024 về Vị trí việc làm của đại biểu Quốc hội hoạt động chuyên trách ở Trung ương và cán bộ thuộc thẩm quyền quản lý của Ủy ban Thường vụ Quốc hội,https://thuvienphapluat.vn/van-ban/Bo-may-hanh-chinh/Nghi-quyet-1158-NQ-UBTVQH15-2024-vi-tri-viec-lam-dai-bieu-Quoc-hoi-hoat-dong-chuyen-trach-Trung-uong-623413.aspx,Ban hành: 30/08/2024,30/08/2024
416,"Nghị quyết 07/NQ-BCH năm 2024 về ""Tập trung nguồn lực chăm lo phúc lợi cho đoàn viên, người lao động trong tình hình mới"" do Tổng Liên đoàn Lao động Việt Nam ban hành",https://thuvienphapluat.vn/van-ban/Lao-dong-Tien-luong/Nghi-quyet-07-NQ-BCH-2024-Tap-trung-nguon-luc-cham-lo-phuc-loi-cho-doan-vien-nguoi-lao-dong-631868.aspx,Ban hành: 29/08/2024,29/08/2024
417,"Nghị quyết 1157/NQ-UBTVQH15 năm 2024 giám sát chuyên đề về thực hiện chính sách, pháp luật về đổi mới hệ thống tổ chức và quản lý, nâng cao chất lượng, hiệu quả hoạt động của các đơn vị sự nghiệp công lập giai đoạn 2018-2030 do Ủy ban Thường vụ Quốc hội ban hành",https://thuvienphapluat.vn/van-ban/Bo-may-hanh-chinh/Nghi-quyet-1157-NQ-UBTVQH15-2024-giam-sat-thuc-hien-phap-luat-doi-moi-don-vi-su-nghiep-cong-lap-628928.aspx,Ban hành: 28/08/2024,28/08/2024
418,Nghị quyết 143/2024/QH15 bổ sung số lượng Phó Thủ tướng Chính phủ nhiệm kỳ Quốc hội khóa XV,https://thuvienphapluat.vn/van-ban/Bo-may-hanh-chinh/Nghi-quyet-143-2024-QH15-bo-sung-so-luong-Pho-Thu-tuong-Chinh-phu-nhiem-ky-Quoc-hoi-khoa-XV-643733.aspx,Ban hành: 26/08/2024,26/08/2024
419,"Nghị quyết 49/2024/UBTVQH15 điều chỉnh Chương trình xây dựng luật, pháp lệnh do Ủy ban Thường vụ Quốc hội ban hành",https://thuvienphapluat.vn/van-ban/Bo-may-hanh-chinh/Nghi-quyet-49-2024-UBTVQH15-dieu-chinh-Chuong-trinh-xay-dung-luat-622673.aspx,Ban hành: 22/08/2024,22/08/2024
420,"Nghị quyết 50/2024/UBTVQH15 quy định nội dung liên quan đến việc bảo đảm yêu cầu phân loại đô thị và tiêu chuẩn của đơn vị hành chính để thực hiện sắp xếp đơn vị hành chính cấp huyện, cấp xã giai đoạn 2023-2025 do Ủy ban Thường vụ Quốc hội ban hành",https://thuvienphapluat.vn/van-ban/Bo-may-hanh-chinh/Nghi-quyet-50-2024-UBTVQH15-tieu-chuan-thuc-hien-sap-xep-don-vi-hanh-chinh-cap-huyen-cap-xa-622807.aspx,Ban hành: 22/08/2024,22/08/2024
421,Nghị quyết 122/NQ-CP về Phiên họp Chính phủ thường kỳ tháng 7 năm 2024,https://thuvienphapluat.vn/van-ban/Bo-may-hanh-chinh/Nghi-quyet-122-NQ-CP-2024-Phien-hop-Chinh-phu-thuong-ky-thang-7-620747.aspx,Ban hành: 08/08/2024,08/08/2024
422,"Nghị quyết 119/NQ-CP về phạm vi, đối tượng tiết kiệm 5% chi thường xuyên năm 2024 do Chính phủ ban hành",https://thuvienphapluat.vn/van-ban/Tai-chinh-nha-nuoc/Nghi-quyet-119-NQ-CP-2024-pham-vi-doi-tuong-tiet-kiem-5-chi-thuong-xuyen-620244.aspx,Ban hành: 07/08/2024,07/08/2024
423,Nghị quyết 118/NQ-CP Phiên họp chuyên đề về xây dựng pháp luật tháng 7 năm 2024 do Chính phủ ban hành,https://thuvienphapluat.vn/van-ban/Bo-may-hanh-chinh/Nghi-quyet-118-NQ-CP-2024-Phien-hop-chuyen-de-ve-xay-dung-phap-luat-thang-7-620430.aspx,Ban hành: 03/08/2024,03/08/2024
424,Nghị quyết 114/NQ-CP năm 2024 thông qua Tờ trình và Đề án của Chính phủ trình Ủy ban Thường vụ Quốc hội về sắp xếp đơn vị hành chính cấp xã giai đoạn 2023-2025 của tỉnh Phú Yên do Chính phủ ban hành,https://thuvienphapluat.vn/van-ban/Bo-may-hanh-chinh/Nghi-quyet-114-NQ-CP-2024-thong-qua-To-trinh-sap-xep-don-vi-hanh-chinh-cap-xa-tinh-Phu-Yen-619057.aspx,Ban hành: 26/07/2024,26/07/2024
425,"Nghị quyết 113/NQ-CP năm 2024 gia hạn hiệu lực Bản ghi nhớ thực hiện ""Thu hoạch sớm"" Hiệp định Tạo thuận lợi vận tải người và hàng hóa qua lại biên giới giữa các nước Tiểu vùng Mê Công mở rộng do Chính Phủ ban hành",https://thuvienphapluat.vn/van-ban/Giao-thong-Van-tai/Nghi-quyet-113-NQ-CP-2024-gia-han-hieu-luc-thu-hoach-som-Hiep-dinh-thuan-loi-van-tai-nguoi-bien-gioi-Tieu-vung-Me-Cong-619058.aspx,Ban hành: 24/07/2024,24/07/2024
426,"Nghị quyết 1104/NQ-UBTVQH15 năm 2024 sắp xếp đơn vị hành chính cấp huyện, cấp xã giai đoạn 2023-2025 của tỉnh Nam Định do Ủy ban Thường vụ Quốc hội ban hành",https://thuvienphapluat.vn/van-ban/Bo-may-hanh-chinh/Nghi-quyet-1104-NQ-UBTVQH15-2024-sap-xep-don-vi-hanh-chinh-cap-huyen-Nam-Dinh-619245.aspx,Ban hành: 23/07/2024,23/07/2024
427,Nghị quyết 1106/NQ-UBTVQH15 năm 2024 sắp xếp đơn vị hành chính cấp xã giai đoạn 2023-2025 của tỉnh Tuyên Quang do Ủy ban Thường vụ Quốc hội ban hành,https://thuvienphapluat.vn/van-ban/Bo-may-hanh-chinh/Nghi-quyet-1106-NQ-UBTVQH15-2024-sap-xep-don-vi-hanh-chinh-cap-xa-Tuyen-Quang-619244.aspx,Ban hành: 23/07/2024,23/07/2024
428,Nghị quyết 1105/NQ-UBTVQH15 năm 2024 sắp xếp đơn vị hành chính cấp xã giai đoạn 2023-2025 của tỉnh Sóc Trăng do Ủy ban Thường vụ Quốc hội ban hành,https://thuvienphapluat.vn/van-ban/Bo-may-hanh-chinh/Nghi-quyet-1105-NQ-UBTVQH15-2024-sap-xep-don-vi-hanh-chinh-cap-xa-Soc-Trang-619247.aspx,Ban hành: 23/07/2024,23/07/2024
429,"Nghị quyết 48/2024/UBTVQH15 điều chỉnh Chương trình xây dựng luật, pháp lệnh năm 2024 do Ủy ban Thường vụ Quốc hội ban hành",https://thuvienphapluat.vn/van-ban/Bo-may-hanh-chinh/Nghi-quyet-48-2024-UBTVQH15-dieu-chinh-Chuong-trinh-xay-dung-luat-phap-lenh-619246.aspx,Ban hành: 23/07/2024,23/07/2024
430,"Nghị quyết 111/NQ-CP năm 2024 về Chương trình hành động thực hiện Nghị quyết 29-NQ/TW về tiếp tục đẩy mạnh công nghiệp hóa, hiện đại hóa đất nước đến năm 2030, tầm nhìn đến năm 2045 do Chính phủ ban hành",https://thuvienphapluat.vn/van-ban/Thuong-mai/Nghi-quyet-111-NQ-CP-2024-thuc-hien-Nghi-quyet-29-NQ-TW-day-manh-cong-nghiep-hoa-618235.aspx,Ban hành: 22/07/2024,22/07/2024
431,Nghị quyết 108/NQ-CP về Phiên họp Chính phủ thường kỳ tháng 6 năm 2024 và Hội nghị trực tuyến Chính phủ với địa phương,https://thuvienphapluat.vn/van-ban/Bo-may-hanh-chinh/Nghi-quyet-108-NQ-CP-2024-Phien-hop-Chinh-phu-thuong-ky-thang-6-616775.aspx,Ban hành: 10/07/2024,10/07/2024
432,"Nghị quyết 109/NQ-CP năm 2024 thành lập Quỹ cả nước chung tay xóa nhà tạm, nhà dột nát cho hộ nghèo, hộ cận nghèo do Chính phủ ban hành",https://thuvienphapluat.vn/van-ban/Bo-may-hanh-chinh/Nghi-quyet-109-NQ-CP-2024-thanh-lap-Quy-ca-nuoc-chung-tay-xoa-nha-tam-nha-dot-nat-617636.aspx,Ban hành: 10/07/2024,10/07/2024
433,Nghị quyết 107/NQ-CP năm 2024 Chương trình hành động thực hiện Nghị quyết 45-NQ/TW về tiếp tục xây dựng và phát huy vai trò của đội ngũ trí thức đáp ứng yêu cầu phát triển đất nước nhanh và bền vững trong giai đoạn mới do Chính phủ ban hành,https://thuvienphapluat.vn/van-ban/Lao-dong-Tien-luong/Nghi-quyet-107-NQ-CP-2024-thuc-hien-Nghi-quyet-45-NQ-TW-phat-huy-vai-tro-cua-doi-ngu-tri-thuc-616638.aspx,Ban hành: 09/07/2024,09/07/2024
434,Nghị quyết 106/NQ-CP năm 2024 về Đề nghị xây dựng Luật Sĩ quan Quân đội nhân dân Việt Nam sửa đổi do Chính phủ ban hành,https://thuvienphapluat.vn/van-ban/Bo-may-hanh-chinh/Nghi-quyet-106-NQ-CP-2024-De-nghi-xay-dung-Luat-Si-quan-Quan-doi-nhan-dan-Viet-Nam-sua-doi-616350.aspx,Ban hành: 06/07/2024,06/07/2024
435,Nghị quyết 104/NQ-CP năm 2024 về giao Bộ Kế hoạch và Đầu tư xây dựng Đề án từ các nhiệm vụ được giao trong các Nghị quyết của Chính phủ,https://thuvienphapluat.vn/van-ban/Bo-may-hanh-chinh/Nghi-quyet-104-NQ-CP-2024-giao-Bo-Ke-hoach-va-Dau-tu-xay-dung-De-an-tu-cac-nhiem-vu-duoc-giao-616300.aspx,Ban hành: 02/07/2024,02/07/2024
436,"Nghị quyết 101/NQ-CP năm 2024 đề nghị xây dựng Nghị định về thành lập, quản lý và sử dụng Quỹ Hỗ trợ đầu tư do Chính phủ ban hành",https://thuvienphapluat.vn/van-ban/Bo-may-hanh-chinh/Nghi-quyet-101-NQ-CP-2024-de-nghi-xay-dung-Nghi-dinh-quan-ly-va-su-dung-Quy-Ho-tro-dau-tu-615359.aspx,Ban hành: 29/06/2024,29/06/2024
437,"Nghị quyết 102/NQ-CP năm 2024 về bảo đảm công tác chỉ đạo, điều hành phòng, chống thiên tai trong thời gian kiện toàn cơ quan chỉ đạo, chỉ huy phòng thủ dân sự các cấp do Chính phủ ban hành",https://thuvienphapluat.vn/van-ban/Tai-nguyen-Moi-truong/Nghi-quyet-102-NQ-CP-2024-chi-dao-phong-chong-thien-tai-thoi-gian-kien-toan-co-quan-phong-thu-dan-su-615330.aspx,Ban hành: 29/06/2024,29/06/2024
438,"Nghị quyết 140/2024/QH15 thực hiện Nghị quyết 43/2022/QH15 về chính sách tài khoá, tiền tệ hỗ trợ Chương trình phục hồi và phát triển kinh tế - xã hội và tăng cường hiệu lực, hiệu quả các nghị quyết về một số dự án quan trọng quốc gia do Quốc hội ban hành",https://thuvienphapluat.vn/van-ban/Tien-te-Ngan-hang/Nghi-quyet-140-2024-QH15-thuc-hien-Nghi-quyet-43-2022-QH15-chinh-sach-tai-khoa-tien-te-619610.aspx,Ban hành: 29/06/2024,29/06/2024
439,"Nghị quyết 141/2024/QH15 về hoạt động, chất vấn tại Kỳ họp thứ 7, Quốc hội khóa XV",https://thuvienphapluat.vn/van-ban/Bo-may-hanh-chinh/Nghi-quyet-141-2024-QH15-hoat-dong-chat-van-tai-Ky-hop-thu-7-Quoc-hoi-khoa-XV-617421.aspx,Ban hành: 29/06/2024,29/06/2024
440,"Nghị quyết 142/2024/QH15 về Kỳ họp thứ 7, Quốc hội khóa XV",https://thuvienphapluat.vn/van-ban/Bo-may-hanh-chinh/Nghi-quyet-142-2024-QH15-Ky-hop-thu-7-Quoc-hoi-khoa-XV-615358.aspx,Ban hành: 29/06/2024,29/06/2024
441,Nghị quyết 138/2024/QH15 về chủ trương đầu tư Dự án đầu tư xây dựng đường cao tốc Bắc - Nam phía Tây đoạn Gia Nghĩa (Đắk Nông) - Chơn Thành (Bình Phước) do Quốc hội ban hành,https://thuvienphapluat.vn/van-ban/Dau-tu/Nghi-quyet-138-2024-QH15-chu-truong-dau-tu-xay-dung-duong-cao-toc-Gia-Nghia-Chon-Thanh-616691.aspx,Ban hành: 28/06/2024,28/06/2024
442,"Nghị quyết 139/2024/QH15 về Quy hoạch không gian biển quốc gia thời kỳ 2021-2030, tầm nhìn đến năm 2050 do Quốc hội ban hành",https://thuvienphapluat.vn/van-ban/Tai-nguyen-Moi-truong/Nghi-quyet-139-2024-QH15-Quy-hoach-khong-gian-bien-quoc-gia-thoi-ky-2021-2030-622827.aspx,Ban hành: 28/06/2024,28/06/2024
443,"Nghị quyết 98/NQ-CP năm 2024 Chương trình hành động thực hiện Chỉ thị 27-CT/TW về tăng cường sự lãnh đạo của Đảng đối với công tác thực hành tiết kiệm, chống lãng phí do Chính phủ ban hành",https://thuvienphapluat.vn/van-ban/Tai-chinh-nha-nuoc/Nghi-quyet-98-NQ-CP-2024-thuc-hien-Chi-thi-27-CT-TW-tang-cuong-lanh-dao-thuc-hanh-tiet-kiem-615025.aspx,Ban hành: 26/06/2024,26/06/2024
444,"Nghị quyết 137/2024/QH15 bổ sung thí điểm cơ chế, chính sách đặc thù phát triển tỉnh Nghệ An do Quốc hội ban hành",https://thuvienphapluat.vn/van-ban/Tai-chinh-nha-nuoc/Nghi-quyet-137-2024-QH15-bo-sung-chinh-sach-dac-thu-phat-trien-Nghe-An-616693.aspx,Ban hành: 26/06/2024,26/06/2024
445,"Nghị quyết 136/2024/QH15 tổ chức chính quyền đô thị và thí điểm cơ chế, chính sách đặc thù phát triển thành phố Đà Nẵng do Quốc hội ban hành",https://thuvienphapluat.vn/van-ban/Bo-may-hanh-chinh/Nghi-quyet-136-2024-QH15-to-chuc-chinh-quyen-do-thi-thanh-pho-Da-Nang-617422.aspx,Ban hành: 26/06/2024,26/06/2024
446,Nghị quyết 133/2024/QH15 phê chuẩn Văn kiện gia nhập Hiệp định Đối tác Toàn diện và Tiến bộ xuyên Thái Bình Dương của Liên hiệp Vương quốc Anh và Bắc Ai-len do Quốc Hội ban hành,https://thuvienphapluat.vn/van-ban/Thuong-mai/Nghi-quyet-133-2024-QH15-phe-chuan-Van-kien-gia-nhap-Hiep-dinh-Doi-tac-Toan-dien-xuyen-Thai-Binh-Duong-617425.aspx,Ban hành: 25/06/2024,25/06/2024
447,Nghị quyết 97/NQ-CP Phiên họp chuyên đề về xây dựng pháp luật tháng 06 năm 2024 do Chính phủ ban hành,https://thuvienphapluat.vn/van-ban/Bo-may-hanh-chinh/Nghi-quyet-97-NQ-CP-2024-Phien-hop-chuyen-de-xay-dung-phap-luat-thang-06-614800.aspx,Ban hành: 24/06/2024,24/06/2024
448,Nghị quyết 132/2024/QH15 bổ sung dự toán thu ngân sách nhà nước năm 2022 và phê chuẩn quyết toán ngân sách nhà nước năm 2022 do Quốc hội ban hành,https://thuvienphapluat.vn/van-ban/Tai-chinh-nha-nuoc/Nghi-quyet-132-2024-QH15-Bo-sung-du-toan-thu-ngan-sach-nha-nuoc-2022-616694.aspx,Ban hành: 24/06/2024,24/06/2024
449,"Nghị quyết 131/2024/QH15 về Thành lập Đoàn giám sát chuyên đề ""Việc thực hiện chính sách, pháp luật về bảo vệ môi trường kể từ khi Luật Bảo vệ môi trường năm 2020 có hiệu lực thi hành"" do Quốc hội ban hành",https://thuvienphapluat.vn/van-ban/Bo-may-hanh-chinh/Nghi-quyet-131-2024-QH15-Thanh-lap-Doan-giam-sat-chuyen-de-thuc-hien-phap-luat-ve-bao-ve-moi-truong-616692.aspx,Ban hành: 21/06/2024,21/06/2024
450,"Nghị quyết 94/NQ-CP năm 2024 về Chương trình hành động của Chính phủ thực hiện Nghị quyết 43-NQ/TW tiếp tục phát huy truyền thống, sức mạnh đại đoàn kết toàn dân tộc, xây dựng đất nước ta ngày càng phồn vinh, hạnh phúc",https://thuvienphapluat.vn/van-ban/Thuong-mai/Nghi-quyet-94-NQ-CP-2024-thuc-hien-Nghi-quyet-43-NQ-TW-dai-doan-ket-toan-dan-toc-xay-dung-dat-nuoc-614516.aspx,Ban hành: 19/06/2024,19/06/2024
451,"Nghị quyết 93/NQ-CP năm 2024 về nhiệm vụ, giải pháp trọng tâm để thúc đẩy tăng trưởng, kiểm soát lạm phát và ổn định kinh tế vĩ mô do Chính phủ ban hành",https://thuvienphapluat.vn/van-ban/Tai-chinh-nha-nuoc/Nghi-quyet-93-NQ-CP-2024-nhiem-vu-thuc-day-tang-truong-kiem-soat-lam-phat-on-dinh-kinh-te-vi-mo-614238.aspx,Ban hành: 18/06/2024,18/06/2024
452,Nghị quyết 91/NQ-CP năm 2024 về đẩy mạnh xã hội hóa các dịch vụ sự nghiệp công do Chính phủ ban hành,https://thuvienphapluat.vn/van-ban/Bo-may-hanh-chinh/Nghi-quyet-91-NQ-CP-2024-day-manh-xa-hoi-hoa-dich-vu-su-nghiep-cong-614105.aspx,Ban hành: 18/06/2024,18/06/2024
453,"Nghị quyết 04/2024/NQ-HĐTP hướng dẫn áp dụng quy định của Bộ luật Hình sự về truy cứu trách nhiệm hình sự đối với hành vi liên quan đến khai thác, mua bán, vận chuyển trái phép thủy sản do Hội đồng Thẩm phán Toà án nhân dân tối cao ban hành",https://thuvienphapluat.vn/van-ban/Bo-may-hanh-chinh/Nghi-quyet-04-2024-NQ-HDTP-ap-dung-Bo-luat-Hinh-su-truy-cuu-hanh-vi-mua-ban-trai-phep-thuy-san-614049.aspx,Ban hành: 12/06/2024,12/06/2024
454,"Nghị quyết 47/2024/UBTVQH15 thực hiện liên tục chế độ khoán họp đối với đại biểu Quốc hội hoạt động chuyên trách; chế độ khoán chi phục vụ hoạt động của Quốc hội đối với cán bộ, công chức, viên chức, người lao động thuộc các cơ quan của Quốc hội, cơ quan thuộc Ủy ban Thường vụ Quốc hội, Văn phòng Quốc hội",https://thuvienphapluat.vn/van-ban/Lao-dong-Tien-luong/Nghi-quyet-47-2024-UBTVQH15-che-do-khoan-chi-phuc-vu-hoat-dong-cua-Quoc-hoi-doi-voi-can-bo-659217.aspx,Ban hành: 10/06/2024,10/06/2024
455,"Nghị quyết 03/2024/NQ-HĐTP hướng dẫn áp dụng quy định của Bộ luật Hình sự về thời hiệu thi hành bản án, miễn chấp hành hình phạt, giảm mức hình phạt đã tuyên, giảm thời hạn chấp hành hình phạt trong trường hợp đặc biệt, hoãn chấp hành hình phạt tù, tạm đình chỉ chấp hành hình phạt tù do Hội đồng Thẩm phán Tòa án nhân dân tối cao ban hành",https://thuvienphapluat.vn/van-ban/Trach-nhiem-hinh-su/Nghi-quyet-03-2024-NQ-HDTP-huong-dan-Bo-luat-Hinh-su-thoi-hieu-thi-hanh-ban-an-483755.aspx,Ban hành: 10/06/2024,10/06/2024
456,"Nghị quyết 84/NQ-CP năm 2024 về Dự án xây dựng Luật Đất đai, Luật Nhà ở, Luật Kinh doanh bất động sản, Luật Các tổ chức tín dụng sửa đổi do Chính phủ ban hành",https://thuvienphapluat.vn/van-ban/Bo-may-hanh-chinh/Nghi-quyet-84-NQ-CP-nam-2024-Du-an-xay-dung-Luat-Luat-Dat-dai-Luat-Nha-o-sua-doi-612978.aspx,Ban hành: 09/06/2024,09/06/2024
457,Nghị quyết 83/NQ-CP năm 2024 dự án Nghị quyết của Quốc hội về giảm thuế giá trị gia tăng do Chính phủ ban hành,https://thuvienphapluat.vn/van-ban/Thue-Phi-Le-Phi/Nghi-quyet-83-NQ-CP-2024-du-an-Nghi-quyet-Quoc-hoi-giam-thue-gia-tri-gia-tang-615104.aspx,Ban hành: 08/06/2024,08/06/2024
458,Nghị quyết 130/2024/QH15 về Chương trình giám sát của Quốc hội năm 2025,https://thuvienphapluat.vn/van-ban/Bo-may-hanh-chinh/Nghi-quyet-130-2024-QH15-Chuong-trinh-giam-sat-cua-Quoc-hoi-613796.aspx,Ban hành: 08/06/2024,08/06/2024
459,"Nghị quyết 129/2024/QH15 về Chương trình xây dựng luật, pháp lệnh năm 2025, điều chỉnh Chương trình xây dựng luật, pháp lệnh năm 2024 do Quốc hội ban hành",https://thuvienphapluat.vn/van-ban/Bo-may-hanh-chinh/Nghi-quyet-129-2024-QH15-dieu-chinh-Chuong-trinh-xay-dung-luat-phap-lenh-613794.aspx,Ban hành: 08/06/2024,08/06/2024
460,Nghị quyết 82/NQ-CP về Phiên họp Chính phủ thường kỳ tháng 5 năm 2024,https://thuvienphapluat.vn/van-ban/Bo-may-hanh-chinh/Nghi-quyet-82-NQ-CP-2024-phien-hop-thuong-ky-thang-5-612382.aspx,Ban hành: 05/06/2024,05/06/2024
461,Nghị quyết 81/NQ-CP năm 2024 đề nghị xây dựng dự án Nghị quyết về giảm thuế giá trị gia tăng do Chính phủ ban hành,https://thuvienphapluat.vn/van-ban/Thue-Phi-Le-Phi/Nghi-quyet-81-NQ-CP-2024-de-nghi-xay-dung-du-an-Nghi-quyet-ve-giam-thue-gia-tri-gia-tang-611386.aspx,Ban hành: 28/05/2024,28/05/2024
462,Nghị quyết 80/NQ-CP năm 2024 đề nghị xây dựng Nghị quyết về thí điểm thực hiện dự án nhà ở thương mại thông qua thỏa thuận về nhận quyền sử dụng đất hoặc đang có quyền sử dụng đất mà đất đó không phải là đất ở do Chính phủ ban hành,https://thuvienphapluat.vn/van-ban/Thuong-mai/Nghi-quyet-80-NQ-CP-2024-xay-dung-Nghi-quyet-thi-diem-thuc-hien-du-an-nha-o-thuong-mai-611385.aspx,Ban hành: 27/05/2024,27/05/2024
463,"Nghị quyết 79/NQ-CP năm 2024 về Đề nghị xây dựng Luật sửa đổi Luật Đất đai 31/2024/QH15, Luật Nhà ở 27/2023/QH15, Luật Kinh doanh bất động sản 29/2023/QH15, Luật Các tổ chức tín dụng 32/2024/QH15 do Chính phủ ban hành",https://thuvienphapluat.vn/van-ban/Bo-may-hanh-chinh/Nghi-quyet-79-NQ-CP-2024-De-nghi-xay-dung-Luat-sua-doi-Luat-Dat-dai-31-2024-QH15-611309.aspx,Ban hành: 27/05/2024,27/05/2024
464,Nghị quyết 02/2024/NQ-HĐTP hướng dẫn áp dụng quy định tại Điều 313 của Bộ luật Hình sự do Hội đồng Thẩm phán Tòa án nhân dân tối cao ban hành,https://thuvienphapluat.vn/van-ban/Trach-nhiem-hinh-su/Nghi-quyet-02-2024-NQ-HDTP-huong-dan-ap-dung-Dieu-313-cua-Bo-luat-Hinh-su-595967.aspx,Ban hành: 24/05/2024,24/05/2024
465,"Nghị quyết 76/NQ-CP năm 2024 về đối tượng được giảm tiền thuê đất, thuê mặt nước tại Nghị quyết 07/NQ-CP về giảm tiền thuê đất, thuê mặt nước của năm 2022 đối với các đối tượng bị ảnh hưởng bởi dịch Covid-19 do Chính phủ ban hành",https://thuvienphapluat.vn/van-ban/Bat-dong-san/Nghi-quyet-76-NQ-CP-2024-doi-tuong-duoc-giam-tien-thue-dat-thue-mat-nuoc-tai-Nghi-quyet-07-NQ-CP-611183.aspx,Ban hành: 24/05/2024,24/05/2024
466,"Nghị quyết 74/NQ-CP năm 2024 dự thảo Nghị quyết của Quốc hội về tổ chức chính quyền đô thị và thí điểm một số cơ chế, chính sách đặc thù phát triển Thành phố Đà Nẵng do Chính phủ ban hành",https://thuvienphapluat.vn/van-ban/Bo-may-hanh-chinh/Nghi-quyet-74-NQ-CP-2024-du-thao-Nghi-quyet-to-chuc-chinh-quyen-do-thi-phat-trien-Da-Nang-610645.aspx,Ban hành: 21/05/2024,21/05/2024
467,Nghị quyết 73/NQ-CP năm 2024 đề nghị xây dựng Nghị quyết sửa đổi Khoản 1 Điều 197 Luật Nhà ở 27/2023/QH15 và Khoản 1 Điều 82 Luật Kinh doanh bất động sản 29/2023/QH15 do Chính phủ ban hành,https://thuvienphapluat.vn/van-ban/Bat-dong-san/Nghi-quyet-73-NQ-CP-2024-de-nghi-xay-dung-Nghi-quyet-sua-doi-khoan-1-Dieu-197-Luat-Nha-o-610206.aspx,Ban hành: 17/05/2024,17/05/2024
468,Nghị quyết 72/NQ-CP năm 2024 đề nghị xây dựng Nghị quyết sửa đổi Khoản 1 Điều 252 Luật Đất đai 31/2024/QH15 do Chính phủ ban hành,https://thuvienphapluat.vn/van-ban/Bat-dong-san/Nghi-quyet-72-NQ-CP-2024-De-nghi-xay-dung-Nghi-quyet-sua-doi-khoan-1-Dieu-252-Luat-Dat-dai-610205.aspx,Ban hành: 17/05/2024,17/05/2024
469,Nghị quyết 01/2024/NQ-HĐTP hướng dẫn áp dụng quy định của pháp luật trong giải quyết vụ việc về hôn nhân gia đình do Hội đồng Thẩm phán Tòa án nhân dân tối cao ban hành,https://thuvienphapluat.vn/van-ban/Thu-tuc-To-tung/Nghi-quyet-01-2024-NQ-HDTP-huong-dan-ap-dung-giai-quyet-vu-viec-ve-hon-nhan-gia-dinh-515531.aspx,Ban hành: 16/05/2024,16/05/2024
470,Nghị quyết 71/NQ-CP năm 2024 về Kế hoạch thực hiện sau đánh giá rủi ro quốc gia về rửa tiền giai đoạn 2018-2022 do Chính phủ ban hành,https://thuvienphapluat.vn/van-ban/Tien-te-Ngan-hang/Nghi-quyet-71-NQ-CP-2024-Ke-hoach-thuc-hien-sau-danh-gia-rui-ro-quoc-gia-ve-rua-tien-630971.aspx,Ban hành: 15/05/2024,15/05/2024
471,"Nghị quyết 70/NQ-CP năm 2024 đề nghị xây dựng Nghị định quy định về lập dự toán, quản lý, sử dụng chi thường xuyên ngân sách nhà nước để mua sắm tài sản, trang thiết bị; cải tạo, nâng cấp, mở rộng, xây dựng mới hạng mục công trình trong các dự án đã đầu tư xây dựng do Chính phủ ban hành",https://thuvienphapluat.vn/van-ban/Bo-may-hanh-chinh/Nghi-quyet-70-NQ-CP-2024-xay-dung-Nghi-dinh-lap-du-toan-chi-de-mua-sam-tai-san-trang-thiet-bi-611390.aspx,Ban hành: 12/05/2024,12/05/2024
472,"Nghị quyết 69/NQ-CP năm 2024 Chương trình hành động của Chính phủ thực hiện Nghị quyết 46-NQ/TW về đổi mới, nâng cao chất lượng hoạt động của Hội Nông dân Việt Nam đáp ứng yêu cầu nhiệm vụ cách mạng trong giai đoạn mới",https://thuvienphapluat.vn/van-ban/Bo-may-hanh-chinh/Nghi-quyet-69-NQ-CP-2024-Chuong-trinh-hanh-dong-thuc-hien-Nghi-quyet-46-NQ-TW-609736.aspx,Ban hành: 11/05/2024,11/05/2024
473,Nghị quyết 66/NQ-CP năm 2024 về Chương trình hành động của Chính phủ thực hiện Nghị quyết 41-NQ/TW về xây dựng và phát huy vai trò của đội ngũ doanh nhân Việt Nam trong thời kỳ mới,https://thuvienphapluat.vn/van-ban/Doanh-nghiep/Nghi-quyet-66-NQ-CP-2024-Chuong-trinh-hanh-dong-thuc-hien-Nghi-quyet-41-NQ-TW-609257.aspx,Ban hành: 09/05/2024,09/05/2024
474,"Nghị quyết 68/NQ-CP năm 2024 Chương trình hành động của Chính phủ thực hiện Nghị quyết 42-NQ/TW về tiếp tục đổi mới, nâng cao chất lượng chính sách xã hội, đáp ứng yêu cầu sự nghiệp xây dựng và bảo vệ Tổ quốc trong giai đoạn mới",https://thuvienphapluat.vn/van-ban/Van-hoa-Xa-hoi/Nghi-quyet-68-NQ-CP-2024-Chuong-trinh-hanh-dong-thuc-hien-Nghi-quyet-42-NQ-TW-609354.aspx,Ban hành: 09/05/2024,09/05/2024
475,Nghị quyết 65/NQ-CP về Phiên họp Chính phủ thường kỳ tháng 4 năm 2024,https://thuvienphapluat.vn/van-ban/Bo-may-hanh-chinh/Nghi-quyet-65-NQ-CP-2024-Phien-hop-Chinh-phu-thuong-ky-thang-4-609312.aspx,Ban hành: 07/05/2024,07/05/2024
476,"Nghị quyết 60/NQ-CP năm 2024 dự thảo Nghị quyết về thí điểm bổ sung một số cơ chế, chính sách đặc thù phát triển tỉnh Nghệ An do Chính phủ ban hành",https://thuvienphapluat.vn/van-ban/Bo-may-hanh-chinh/Nghi-quyet-60-NQ-CP-2024-du-thao-Nghi-quyet-bo-sung-chinh-sach-dac-thu-phat-trien-Nghe-An-608701.aspx,Ban hành: 02/05/2024,02/05/2024
477,"Nghị quyết 55/NQ-CP năm 2024 dự thảo Nghị quyết sửa đổi Nghị quyết 119/2020/QH14 về thí điểm tổ chức mô hình chính quyền đô thị và một số cơ chế, chính sách đặc thù phát triển thành phố Đà Nẵng do Chính phủ ban hành",https://thuvienphapluat.vn/van-ban/Bo-may-hanh-chinh/Nghi-quyet-55-NQ-CP-2024-du-thao-Nghi-quyet-sua-doi-Nghi-quyet-119-2020-QH14-608054.aspx,Ban hành: 26/04/2024,26/04/2024
478,"Nghị quyết 52/NQ-CP năm 2024 Chương trình hành động và Kế hoạch của Chính phủ thực hiện Chỉ thị 32-CT/TW tăng cường sự lãnh đạo của Đảng đối với công tác chống khai thác thủy sản bất hợp pháp, không báo cáo, không theo quy định và phát triển bền vững ngành thủy sản",https://thuvienphapluat.vn/van-ban/Linh-vuc-khac/Nghi-quyet-52-NQ-CP-2024-chuong-trinh-Ke-hoach-thuc-hien-Chi-thi-32-CT-TW-607361.aspx,Ban hành: 22/04/2024,22/04/2024
479,Nghị quyết 49/NQ-CP Phiên họp chuyên đề xây dựng pháp luật tháng 04 năm 2024 do Chính phủ ban hành,https://thuvienphapluat.vn/van-ban/Bo-may-hanh-chinh/Nghi-quyet-49-NQ-CP-2024-Phien-hop-chuyen-de-xay-dung-phap-luat-thang-04-606787.aspx,Ban hành: 17/04/2024,17/04/2024
480,"Nghị quyết 45/2024/UBTVQH15 điều chỉnh Chương trình xây dựng luật, pháp lệnh năm 2024 do Ủy ban Thường vụ Quốc hội ban hành",https://thuvienphapluat.vn/van-ban/Bo-may-hanh-chinh/Nghi-quyet-45-2024-UBTVQH15-dieu-chinh-Chuong-trinh-xay-dung-luat-phap-lenh-607162.aspx,Ban hành: 15/04/2024,15/04/2024
481,"Nghị quyết 47/NQ-CP năm 2024 Chương trình hành động của Chính phủ đến năm 2030 thực hiện Kết luận 57-KL/TW về tiếp tục nâng cao chất lượng, hiệu quả công tác thông tin đối ngoại trong tình hình mới",https://thuvienphapluat.vn/van-ban/Bo-may-hanh-chinh/Nghi-quyet-47-NQ-CP-2024-thuc-hien-Ket-luan-57-KL-TW-cong-tac-doi-ngoai-606496.aspx,Ban hành: 15/04/2024,15/04/2024
482,"Nghị quyết 46/NQ-CP năm 2024 Báo cáo bổ sung tình hình thực hiện Nghị quyết 43/2022/QH15 về chính sách tài khóa, tiền tệ hỗ trợ Chương trình phục hồi và phát triển kinh tế - xã hội và các nghị quyết của Quốc hội về dự án quan trọng quốc gia đến hết năm 2023 do Chính phủ ban hành",https://thuvienphapluat.vn/van-ban/Tai-chinh-nha-nuoc/Nghi-quyet-46-NQ-CP-2024-Bao-cao-bo-sung-thuc-hien-Nghi-quyet-43-2022-QH15-606303.aspx,Ban hành: 12/04/2024,12/04/2024
483,"Nghị quyết 45/NQ-CP năm 2024 dự thảo Nghị định hướng dẫn thực hiện chính sách tăng thu từ hoạt động xuất khẩu, nhập khẩu qua Cảng biển Nghi Sơn, tỉnh Thanh Hóa do Chính phủ ban hành",https://thuvienphapluat.vn/van-ban/Xuat-nhap-khau/Nghi-quyet-45-NQ-CP-2024-du-thao-Nghi-dinh-thuc-hien-tang-thu-tu-Cang-bien-Nghi-Son-606187.aspx,Ban hành: 12/04/2024,12/04/2024
484,Nghị quyết 1035/NQ-UBTVQH15 năm 2024 hoạt động chất vấn tại Phiên họp thứ 31 của Ủy ban Thường vụ Quốc hội khóa XV,https://thuvienphapluat.vn/van-ban/Bo-may-hanh-chinh/Nghi-quyet-1035-NQ-UBTVQH15-2024-hoat-dong-chat-van-tai-Phien-hop-thu-31-khoa-XV-605803.aspx,Ban hành: 08/04/2024,08/04/2024
485,Nghị quyết 44/NQ-CP Phiên họp Chính phủ thường kỳ tháng 3 năm 2024 và Hội nghị trực tuyến Chính phủ với địa phương,https://thuvienphapluat.vn/van-ban/Bo-may-hanh-chinh/Nghi-quyet-44-NQ-CP-2024-Phien-hop-Chinh-phu-thuong-ky-thang-3-605613.aspx,Ban hành: 05/04/2024,05/04/2024
486,Nghị quyết 43/NQ-CP năm 2024 ký Hiệp định Thương mại giữa Việt Nam - Lào do Chính phủ ban hành,https://thuvienphapluat.vn/van-ban/Thuong-mai/Nghi-quyet-43-NQ-CP-2024-ky-Hiep-dinh-Thuong-mai-giua-Viet-Nam-Lao-606484.aspx,Ban hành: 05/04/2024,05/04/2024
487,Nghị quyết 41/NQ-CP năm 2024 phê duyệt Hiệp định về miễn thị thực cho người mang hộ chiếu ngoại giao và hộ chiếu công vụ giữa Việt Nam và U-gan-đa do Chính phủ ban hành,https://thuvienphapluat.vn/van-ban/Quyen-dan-su/Nghi-quyet-41-NQ-CP-2024-Hiep-dinh-mien-thi-thuc-nguoi-mang-ho-chieu-ngoai-giao-U-gan-da-605201.aspx,Ban hành: 04/04/2024,04/04/2024
488,Nghị quyết 40/NQ-CP năm 2024 phê duyệt Hiệp định miễn thị thực cho người mang hộ chiếu phổ thông giữa Việt Nam và Cộng hòa Ca-dắc-xtan do Chính phủ ban hành,https://thuvienphapluat.vn/van-ban/Quyen-dan-su/Nghi-quyet-40-NQ-CP-2024-Hiep-dinh-mien-thi-thuc-nguoi-mang-ho-chieu-pho-thong-Ca-dac-xtan-605200.aspx,Ban hành: 04/04/2024,04/04/2024
489,Nghị quyết 42/NQ-CP Phiên họp chuyên đề về xây dựng pháp luật tháng 03 năm 2024 do Chính phủ ban hành,https://thuvienphapluat.vn/van-ban/Bo-may-hanh-chinh/Nghi-quyet-42-NQ-CP-2024-Phien-hop-chuyen-de-xay-dung-phap-luat-thang-03-605169.aspx,Ban hành: 04/04/2024,04/04/2024
490,"Nghị quyết 39/NQ-CP năm 2024 về Đề nghị xây dựng Nghị quyết của Quốc hội về thí điểm một số cơ chế, chính sách đặc thù phát triển tỉnh Nghệ An do Chính phủ ban hành",https://thuvienphapluat.vn/van-ban/Bo-may-hanh-chinh/Nghi-quyet-39-NQ-CP-2024-xay-dung-Nghi-quyet-thi-diem-chinh-sach-dac-thu-phat-trien-Nghe-An-604990.aspx,Ban hành: 03/04/2024,03/04/2024
491,"Nghị quyết 38/NQ-CP năm 2024 Chương trình hành động của Chính phủ thực hiện Kết luận 62-KL/TW thực hiện Nghị quyết 19-NQ/TW về tiếp tục đổi mới hệ thống tổ chức và quản lý, nâng cao chất lượng và hiệu quả hoạt động của các đơn vị sự nghiệp công lập",https://thuvienphapluat.vn/van-ban/Bo-may-hanh-chinh/Nghi-quyet-38-NQ-CP-2024-thuc-hien-Ket-luan-62-KL-TW-thuc-hien-Nghi-quyet-19-NQ-TW-604817.aspx,Ban hành: 02/04/2024,02/04/2024
492,"Nghị quyết 37/NQ-CP năm 2024 đề nghị xây dựng Nghị quyết sửa đổi, bổ sung Nghị quyết 119/2020/QH14 thí điểm tổ chức mô hình chính quyền đô thị và cơ chế, chính sách đặc thù phát triển Thành phố Đà Nẵng do Chính phủ ban hành",https://thuvienphapluat.vn/van-ban/Bo-may-hanh-chinh/Nghi-quyet-37-NQ-CP-2024-xay-dung-Nghi-quyet-sua-doi-Nghi-quyet-119-2020-QH14-606166.aspx,Ban hành: 30/03/2024,30/03/2024
493,Nghị quyết 36/NQ-CP năm 2024 phê duyệt Hiệp định giữa Chính phủ nước Cộng hòa xã hội chủ nghĩa Việt Nam và Cộng hòa Bê-la-rút về hợp tác trong lĩnh vực giáo dục do Chính phủ ban hành,https://thuvienphapluat.vn/van-ban/Giao-duc/Nghi-quyet-36-NQ-CP-2024-phe-duyet-Hiep-dinh-giua-Viet-Nam-va-Be-la-rut-ve-hop-tac-giao-duc-603778.aspx,Ban hành: 25/03/2024,25/03/2024
494,Nghị quyết 34/NQ-CP năm 2024 phê duyệt Hiệp định về cùng bảo vệ và trao đổi tin mật giữa Việt Nam - Lào do Chính phủ ban hành,https://thuvienphapluat.vn/van-ban/Bo-may-hanh-chinh/Nghi-quyet-34-NQ-CP-2024-phe-duyet-Hiep-dinh-trao-doi-tin-mat-giua-Viet-Nam-Lao-604322.aspx,Ban hành: 23/03/2024,23/03/2024
495,Nghị quyết 33/NQ-CP năm 2024 phê duyệt Nghị định thư thứ hai sửa đổi Hiệp định về tránh đánh thuế hai lần và ngăn ngừa trốn lậu thuế đối với các loại thuế đánh vào thu nhập và tài sản giữa Việt Nam và Lúc-xăm-bua do Chính phủ ban hành,https://thuvienphapluat.vn/van-ban/Thue-Phi-Le-Phi/Nghi-quyet-33-NQ-CP-2024-sua-doi-Hiep-dinh-tranh-danh-thue-hai-lan-Viet-Nam-Luc-xam-bua-603187.aspx,Ban hành: 21/03/2024,21/03/2024
496,"Nghị quyết 32/NQ-CP năm 2024 Kế hoạch thực hiện Nghị quyết 686/NQ-UBTVQH15 giám sát chuyên đề về thực hiện Nghị quyết 88/2014/QH13 và 51/2017/QH14 về đổi mới chương trình, sách giáo khoa giáo dục phổ thông do Chính phủ ban hành",https://thuvienphapluat.vn/van-ban/Giao-duc/Nghi-quyet-32-NQ-CP-2024-Ke-hoach-thuc-hien-Nghi-quyet-686-NQ-UBTVQH15-603067.aspx,Ban hành: 20/03/2024,20/03/2024
497,"Nghị quyết 1012/NQ-UBTVQH15 năm 2024 thành lập phường An Điền, phường An Tây thuộc thị xã Bến Cát và thành lập thành phố Bến Cát, tỉnh Bình Dương do Ủy ban Thường vụ Quốc hội ban hành",https://thuvienphapluat.vn/van-ban/Bo-may-hanh-chinh/Nghi-quyet-1012-NQ-UBTVQH15-2024-thanh-lap-phuong-An-Dien-Binh-Duong-606079.aspx,Ban hành: 19/03/2024,19/03/2024
498,"Nghị quyết 1013/NQ-UBTVQH15 năm 2024 sắp xếp, thành lập các phường thuộc thị xã Gò Công và thành lập Thành phố Gò Công, tỉnh Tiền Giang do Ủy ban Thường vụ Quốc hội ban hành",https://thuvienphapluat.vn/van-ban/Bo-may-hanh-chinh/Nghi-quyet-1013-NQ-UBTVQH15-2024-thanh-lap-cac-phuong-thuoc-thi-xa-Go-Cong-Tien-Giang-606022.aspx,Ban hành: 19/03/2024,19/03/2024
499,"Nghị quyết 31/NQ-CP năm 2024 thông qua Báo cáo đề xuất điều chỉnh chủ trương đầu tư Chương trình mục tiêu quốc gia Phát triển kinh tế - xã hội vùng đồng bào dân tộc thiểu số và miền núi giai đoạn 2021-2030 đã hoàn thiện sau khi tiếp thu, giải trình ý kiến thẩm tra sơ bộ của Hội đồng Dân tộc của Quốc hội do Chính phủ ban hành",https://thuvienphapluat.vn/van-ban/Thuong-mai/Nghi-quyet-31-NQ-CP-2024-de-xuat-dieu-chinh-dau-tu-Chuong-trinh-Phat-trien-vung-dong-bao-dan-toc-602237.aspx,Ban hành: 14/03/2024,14/03/2024
500,"Nghị quyết 29/NQ-CP năm 2024 Chương trình hành động thực hiện Kết luận 61-KL/TW về tiếp tục thực hiện Chỉ thị 13-CT/TW về tăng cường sự lãnh đạo của Đảng đối với công tác quản lý, bảo vệ và phát triển rừng do Chính phủ ban hành",https://thuvienphapluat.vn/van-ban/Tai-nguyen-Moi-truong/Nghi-quyet-29-NQ-CP-2024-thuc-hien-Ket-luan-61-KL-TW-quan-ly-bao-ve-va-phat-trien-rung-601466.aspx,Ban hành: 08/03/2024,08/03/2024
501,Nghị quyết 28/NQ-CP phiên họp Chính phủ thường kỳ tháng 02 năm 2024,https://thuvienphapluat.vn/van-ban/Bo-may-hanh-chinh/Nghi-quyet-28-NQ-CP-2024-phien-hop-Chinh-phu-thuong-ky-thang-02-600957.aspx,Ban hành: 05/03/2024,05/03/2024
502,"Nghị quyết 27/NQ-CP năm 2024 đàm phán, ký Bản ghi nhớ về thân nhân thành viên cơ quan đại diện ngoại giao, cơ quan lãnh sự làm việc có thu nhập giữa Việt Nam và Ô-xtơ-rây-li-a do Chính phủ ban hành",https://thuvienphapluat.vn/van-ban/Bo-may-hanh-chinh/Nghi-quyet-27-NQ-CP-2024-ky-Ban-ghi-nho-than-nhan-dai-dien-ngoai-giao-co-thu-nhap-O-xto-ray-li-a-600475.aspx,Ban hành: 01/03/2024,01/03/2024
503,Nghị quyết 26/NQ-CP Phiên họp chuyên đề về xây dựng pháp luật tháng 02 năm 2024 do Chính phủ ban hành,https://thuvienphapluat.vn/van-ban/Bo-may-hanh-chinh/Nghi-quyet-26-NQ-CP-2024-Phien-hop-chuyen-de-xay-dung-phap-luat-thang-02-601112.aspx,Ban hành: 29/02/2024,29/02/2024
504,Nghị quyết 25/NQ-CP năm 2024 đề nghị xây dựng Luật Thuế tiêu thụ đặc biệt (sửa đổi) do Chính phủ ban hành,https://thuvienphapluat.vn/van-ban/Thue-Phi-Le-Phi/Nghi-quyet-25-NQ-CP-2024-De-nghi-xay-dung-Luat-Thue-tieu-thu-dac-biet-sua-doi-600031.aspx,Ban hành: 27/02/2024,27/02/2024
505,"Nghị quyết 24/NQ-CP năm 2024 chế độ phụ cấp đặc biệt đối với cán bộ, công chức, viên chức, lực lượng vũ trang công tác tại xã Chơ Chun và xã Đắc Tôi thuộc huyện Nam Giang, tỉnh Quảng Nam do Chính phủ ban hành",https://thuvienphapluat.vn/van-ban/Bo-may-hanh-chinh/Nghi-quyet-24-NQ-CP-2024-che-do-phu-cap-dac-biet-can-bo-xa-Cho-Chun-huyen-Nam-Giang-Quang-Nam-599236.aspx,Ban hành: 20/02/2024,20/02/2024
506,Nghị quyết 22/NQ-CP phiên họp chuyên đề xây dựng pháp luật tháng 01 năm 2024 do Chính phủ ban hành,https://thuvienphapluat.vn/van-ban/Bo-may-hanh-chinh/Nghi-quyet-22-NQ-CP-2024-phien-hop-chuyen-de-xay-dung-phap-luat-thang-01-598537.aspx,Ban hành: 09/02/2024,09/02/2024
507,Nghị quyết 21/NQ-CP hạn mức bảo lãnh Chính phủ và hạn mức vay về cho vay lại năm 2024 do Chính phủ ban hành,https://thuvienphapluat.vn/van-ban/Tai-chinh-nha-nuoc/Nghi-quyet-21-NQ-CP-2024-han-muc-bao-lanh-Chinh-phu-va-han-muc-vay-ve-cho-vay-lai-599431.aspx,Ban hành: 07/02/2024,07/02/2024
508,Nghị quyết 43/2024/UBTVQH15 quy định về Kỷ niệm chương “Vì sự nghiệp Quốc hội Việt Nam” do Ủy ban Thường vụ Quốc hội ban hành,https://thuvienphapluat.vn/van-ban/Bo-may-hanh-chinh/Nghi-quyet-43-2024-UBTVQH15-Ky-niem-chuong-Vi-su-nghiep-Quoc-hoi-Viet-Nam-598721.aspx,Ban hành: 05/02/2024,05/02/2024
509,Nghị quyết 20/NQ-CP phiên họp Chính phủ thường kỳ tháng 01 năm 2024,https://thuvienphapluat.vn/van-ban/Bo-may-hanh-chinh/Nghi-quyet-20-NQ-CP-2024-phien-hop-Chinh-phu-thuong-ky-thang-1-598455.aspx,Ban hành: 05/02/2024,05/02/2024
510,"Nghị quyết 44/2024/UBTVQH15 quy định về thi đua, khen thưởng đối với đại biểu Quốc hội, các cơ quan của Quốc hội, các cơ quan thuộc Ủy ban Thường vụ Quốc hội và cán bộ, công chức thuộc thẩm quyền quản lý của Ủy ban Thường vụ Quốc hội",https://thuvienphapluat.vn/van-ban/Bo-may-hanh-chinh/Nghi-quyet-44-2024-UBTVQH15-thi-dua-khen-thuong-doi-voi-dai-bieu-Quoc-hoi-598759.aspx,Ban hành: 05/02/2024,05/02/2024
511,Nghị quyết 19/NQ-CP năm 2024 phê duyệt Hiệp định miễn thị thực cho người mang hộ chiếu ngoại giao và hộ chiếu công vụ giữa Việt Nam và Đô-mi-ni-ca do Chính phủ ban hành,https://thuvienphapluat.vn/van-ban/Quyen-dan-su/Nghi-quyet-19-NQ-CP-2024-Hiep-dinh-mien-thi-thuc-nguoi-mang-ho-chieu-ngoai-giao-Do-mi-ni-ca-597939.aspx,Ban hành: 31/01/2024,31/01/2024
512,"Nghị quyết 18/NQ-CP năm 2024 phê duyệt Hiệp định về miễn thị thực cho người mang hộ chiếu ngoại giao, hộ chiếu công vụ, hộ chiếu phổ thông giữa Việt Nam - Mông Cổ do Chính phủ ban hành",https://thuvienphapluat.vn/van-ban/Quyen-dan-su/Nghi-quyet-18-NQ-CP-2024-phe-duyet-Hiep-dinh-mien-thi-thuc-ho-chieu-ngoai-giao-Mong-Co-600281.aspx,Ban hành: 31/01/2024,31/01/2024
513,Nghị quyết 17/NQ-CP năm 2024 phê duyệt sửa đổi các Nghị định thư tài chính giữa Việt Nam - Pháp do Chính phủ ban hành,https://thuvienphapluat.vn/van-ban/Tai-chinh-nha-nuoc/Nghi-quyet-17-NQ-CP-2024-sua-doi-cac-Nghi-dinh-thu-tai-chinh-giua-Viet-Nam-Phap-597486.aspx,Ban hành: 30/01/2024,30/01/2024
514,Nghị quyết 16/NQ-CP năm 2024 triển khai Nghị quyết 106/2023/QH15 thí điểm chính sách đặc thù về đầu tư xây dựng công trình đường bộ do Chính phủ ban hành,https://thuvienphapluat.vn/van-ban/Dau-tu/Nghi-quyet-16-NQ-CP-2024-trien-khai-Nghi-quyet-106-2023-QH15-xay-dung-cong-trinh-duong-bo-597107.aspx,Ban hành: 27/01/2024,27/01/2024
515,"Nghị quyết 969/NQ-UBTVQH15 năm 2024 hướng dẫn tổ chức hoạt động giải trình tại phiên họp Hội đồng Dân tộc, Ủy ban của Quốc hội do Ủy ban Thường vụ Quốc hội ban hành",https://thuvienphapluat.vn/van-ban/Bo-may-hanh-chinh/Nghi-quyet-969-NQ-UBTVQH15-2024-huong-dan-hoat-dong-giai-trinh-phien-hop-Hoi-dong-Dan-toc-598363.aspx,Ban hành: 25/01/2024,25/01/2024
516,"Nghị quyết 112/2024/QH15 sử dụng dự phòng chung, dự phòng nguồn ngân sách trung ương của Kế hoạch đầu tư công trung hạn giai đoạn 2021-2025 cho các Bộ, cơ quan trung ương, địa phương và Tập đoàn Điện lực Việt Nam do Quốc hội ban hành",https://thuvienphapluat.vn/van-ban/Dau-tu/Nghi-quyet-112-2024-QH15-su-dung-du-phong-chung-cho-cac-Bo-co-quan-trung-uong-dia-phuong-597929.aspx,Ban hành: 18/01/2024,18/01/2024
517,"Nghị quyết 111/2024/QH15 cơ chế, chính sách đặc thù thực hiện chương trình mục tiêu quốc gia do Quốc hội ban hành",https://thuvienphapluat.vn/van-ban/Bo-may-hanh-chinh/Nghi-quyet-111-2024-QH15-co-che-chinh-sach-dac-thu-thuc-hien-chuong-trinh-muc-tieu-quoc-gia-585206.aspx,Ban hành: 18/01/2024,18/01/2024
518,"Nghị quyết 13/NQ-CP năm 2024 trình Quốc hội dự thảo Nghị quyết về cơ chế, chính sách đặc thù thực hiện các chương trình mục tiêu quốc gia do Chính phủ ban hành",https://thuvienphapluat.vn/van-ban/Bo-may-hanh-chinh/Nghi-quyet-13-NQ-CP-2024-du-thao-Nghi-quyet-co-che-dac-thu-cac-chuong-trinh-muc-tieu-quoc-gia-595188.aspx,Ban hành: 12/01/2024,12/01/2024
519,"Nghị quyết 12/NQ-CP năm 2024 thông qua Tờ trình và Đề án trình Ủy ban Thường vụ Quốc hội về thành lập, sắp xếp các phường thuộc thị xã Gò Công và thành lập thành phố Gò Công thuộc tỉnh Tiền Giang do Chính phủ ban hành",https://thuvienphapluat.vn/van-ban/Bo-may-hanh-chinh/Nghi-quyet-12-NQ-CP-2024-thong-qua-De-an-thanh-lap-thanh-pho-Go-Cong-Tien-Giang-595108.aspx,Ban hành: 12/01/2024,12/01/2024
520,Nghị quyết 11/NQ-CP năm 2024 Hội nghị Chính phủ với địa phương và Phiên họp Chính phủ thường kỳ tháng 12 năm 2023,https://thuvienphapluat.vn/van-ban/Bo-may-hanh-chinh/Nghi-quyet-11-NQ-CP-2024-Hoi-nghi-Chinh-phu-voi-dia-phuong-thuong-ky-thang-12-nam-2023-594761.aspx,Ban hành: 09/01/2024,09/01/2024
521,Nghị quyết 04/NQ-CP năm 2024 đồng ý về đoạn băng tải thuộc dự án xây dựng hệ thống băng tải vận chuyển than đá từ Lào về Việt Nam cắt qua đường biên giới Việt Nam - Lào do Chính phủ ban hành,https://thuvienphapluat.vn/van-ban/Xay-dung-Do-thi/Nghi-quyet-04-NQ-CP-2024-doan-bang-tai-du-an-xay-dung-he-thong-van-chuyen-than-da-tu-Lao-595959.aspx,Ban hành: 05/01/2024,05/01/2024
522,"Nghị quyết 01/NQ-CP về nhiệm vụ, giải pháp chủ yếu thực hiện Kế hoạch phát triển kinh tế - xã hội và dự toán ngân sách Nhà nước năm 2024 do Chính phủ ban hành",https://thuvienphapluat.vn/van-ban/Thuong-mai/Nghi-quyet-01-NQ-CP-2024-nhiem-vu-giai-phap-thuc-hien-phat-trien-kinh-te-xa-hoi-594739.aspx,Ban hành: 05/01/2024,05/01/2024
523,Nghị quyết 10/NQ-CP năm 2024 ký Quyết định sửa đổi Nghị định thư số 1 về Quy định hàng hóa có xuất xứ và phương thức hợp tác quản lý hành chính trong Hiệp định Thương mại tự do giữa Việt Nam và Liên minh châu Âu (EVFTA) Chính phủ ban hành,https://thuvienphapluat.vn/van-ban/Thuong-mai/Nghi-quyet-10-NQ-CP-2024-ky-Quyet-dinh-sua-doi-Nghi-dinh-thu-so-1-hang-hoa-co-xuat-xu-EVFTA-594376.aspx,Ban hành: 05/01/2024,05/01/2024
524,Nghị quyết 07/NQ-CP năm 2024 ký Nghị định thư thứ hai sửa đổi Hiệp định thành lập Khu vực thương mại tự do ASEAN - Ôt-x trây-lia - Niu Di-lân do Chính phủ ban hành,https://thuvienphapluat.vn/van-ban/Thuong-mai/Nghi-quyet-07-NQ-CP-2024-ky-Nghi-dinh-thu-sua-doi-Hiep-dinh-thuong-mai-ASEAN-Ot-xtray-lia-594368.aspx,Ban hành: 05/01/2024,05/01/2024
525,"Nghị quyết 06/NQ-CP năm 2024 thông qua Tờ trình và Đề án của Chính phủ trình Ủy ban Thường vụ Quốc hội về thành lập phường An Điền, An Tây thuộc thị xã Bến Cát và thành lập Thành phố Bến Cát thuộc tỉnh Bình Dương do Chính Phủ ban hành",https://thuvienphapluat.vn/van-ban/Bo-may-hanh-chinh/Nghi-quyet-06-NQ-CP-2024-thong-qua-To-trinh-thanh-lap-phuong-An-Dien-An-Tay-thuoc-thi-xa-Ben-Cat-594066.aspx,Ban hành: 05/01/2024,05/01/2024
526,Nghị quyết 05/NQ-CP phiên họp chuyên đề về xây dựng pháp luật tháng 12 năm 2023 do Chính phủ ban hành,https://thuvienphapluat.vn/van-ban/Bo-may-hanh-chinh/Nghi-quyet-05-NQ-CP-2023-phien-hop-chuyen-de-xay-dung-phap-luat-thang-12-594058.aspx,Ban hành: 05/01/2024,05/01/2024
527,Nghị quyết 03/NQ-CP năm 2024 ký Bản ghi nhớ về phát triển và kết nối hạ tầng thương mại biên giới giữa Việt Nam - Lào do Chính phủ ban hành,https://thuvienphapluat.vn/van-ban/Thuong-mai/Nghi-quyet-03-NQ-CP-2024-ky-Ban-ghi-nho-ket-noi-ha-tang-thuong-mai-bien-gioi-Viet-Nam-Lao-594057.aspx,Ban hành: 05/01/2024,05/01/2024
528,"Nghị quyết 02/NQ-CP về nhiệm vụ, giải pháp chủ yếu cải thiện môi trường kinh doanh, nâng cao năng lực cạnh tranh quốc gia năm 2024 do Chính phủ ban hành",https://thuvienphapluat.vn/van-ban/Thuong-mai/Nghi-quyet-02-NQ-CP-2024-nhiem-vu-giai-phap-chu-yeu-cai-thien-moi-truong-kinh-doanh-594451.aspx,Ban hành: 05/01/2024,05/01/2024
529,Nghị quyết 225/NQ-CP năm 2023 về Kế hoạch thực hiện Chỉ thị 20-CT/TW về tăng cường sự lãnh đạo của Đảng đối với công tác đưa người lao động Việt Nam đi làm việc ở nước ngoài trong tình hình mới do Chính phủ ban hành,https://thuvienphapluat.vn/van-ban/Lao-dong-Tien-luong/Nghi-quyet-225-NQ-CP-2023-thuc-hien-Chi-thi-20-CT-TW-dua-lao-dong-lam-viec-nuoc-ngoai-593347.aspx,Ban hành: 31/12/2023,31/12/2023
530,Nghị quyết 224/NQ-CP năm 2023 bảo đảm kinh phí mua sắm vắc xin cho Chương trình tiêm chủng mở rộng do Chính phủ ban hành,https://thuvienphapluat.vn/van-ban/Tai-chinh-nha-nuoc/Nghi-quyet-224-NQ-CP-2023-bao-dam-kinh-phi-mua-sam-vac-xin-tiem-chung-mo-rong-593212.aspx,Ban hành: 30/12/2023,30/12/2023
531,"Nghị quyết 942/NQ-UBTVQH15 điều chỉnh Kế hoạch đầu tư công trung hạn vốn ngân sách trung ương giai đoạn 2021-2025, phân bổ vốn ngân sách trung ương năm 2023 cho các bộ, cơ quan trung ương và địa phương do Ủy ban Thường vụ Quốc hội ban hành",https://thuvienphapluat.vn/van-ban/Dau-tu/Nghi-quyet-942-NQ-UBTVQH15-2023-dieu-chinh-Ke-hoach-dau-tu-cong-trung-han-2021-2025-593983.aspx,Ban hành: 28/12/2023,28/12/2023
532,Nghị quyết 221/NQ-CP năm 2023 giải thích quy định tại Khoản 1 Điều 6 Luật Đầu tư công do Chính phủ ban hành,https://thuvienphapluat.vn/van-ban/Dau-tu/Nghi-quyet-221-NQ-CP-2023-giai-thich-quy-dinh-tai-khoan-1-Dieu-6-Luat-Dau-tu-cong-593067.aspx,Ban hành: 28/12/2023,28/12/2023
533,Nghị quyết 941/NQ-UBTVQH15 năm 2023 Chương trình công tác của Ủy ban Thường vụ Quốc hội năm 2024,https://thuvienphapluat.vn/van-ban/Bo-may-hanh-chinh/Nghi-quyet-941-NQ-UBTVQH15-2023-Chuong-trinh-cong-tac-Uy-ban-Thuong-vu-Quoc-hoi-nam-2024-595855.aspx,Ban hành: 25/12/2023,25/12/2023
534,Nghị quyết 220/NQ-CP năm 2023 kế hoạch tổ chức thực hiện Thông báo 23-TB/TW thông báo Kết luận của Bộ Chính trị về chủ trương xử lý Tổng công ty Công nghiệp tàu thủy do Chính phủ ban hành,https://thuvienphapluat.vn/van-ban/Doanh-nghiep/Nghi-quyet-220-NQ-CP-2023-ke-hoach-thuc-hien-Thong-bao-23-TB-TW-xu-ly-Tong-cong-ty-tau-thuy-600483.aspx,Ban hành: 22/12/2023,22/12/2023
535,Nghị quyết 219/NQ-CP năm 2023 thông qua Báo cáo đề xuất điều chỉnh chủ trương đầu tư Chương trình mục tiêu quốc gia Phát triển kinh tế - xã hội vùng đồng bào dân tộc thiểu số và miền núi giai đoạn 2021-2030 do Chính phủ ban hành,https://thuvienphapluat.vn/van-ban/Thuong-mai/Nghi-quyet-219-NQ-CP-2023-de-xuat-dieu-chinh-dau-tu-Phat-trien-kinh-te-xa-hoi-vung-dong-bao-591844.aspx,Ban hành: 21/12/2023,21/12/2023
536,"Nghị quyết 41/2023/UBTVQH15 điều chỉnh Chương trình xây dựng luật, pháp lệnh năm 2024 do Ủy ban Thường vụ Quốc hội ban hành",https://thuvienphapluat.vn/van-ban/Bo-may-hanh-chinh/Nghi-quyet-41-2023-UBTVQH15-dieu-chinh-Chuong-trinh-xay-dung-luat-phap-lenh-nam-2024-595788.aspx,Ban hành: 18/12/2023,18/12/2023
537,"Nghị quyết 218/NQ-CP năm 2023 về Kế hoạch triển khai thi hành Nghị quyết 99/2023/QH15 về huy động, quản lý và sử dụng các nguồn lực phục vụ công tác phòng, chống dịch COVID-19; thực hiện chính sách, pháp luật về y tế cơ sở, y tế dự phòng do Chính phủ ban hành",https://thuvienphapluat.vn/van-ban/The-thao-Y-te/Nghi-quyet-218-NQ-CP-2023-Ke-hoach-trien-khai-thi-hanh-Nghi-quyet-99-2023-QH15-591148.aspx,Ban hành: 18/12/2023,18/12/2023
538,"Nghị quyết 42/2023/UBTVQH15 về mức thuế bảo vệ môi trường đối với xăng, dầu, mỡ nhờn do Ủy ban Thường vụ Quốc hội ban hành",https://thuvienphapluat.vn/van-ban/Thue-Phi-Le-Phi/Nghi-quyet-42-2023-UBTVQH15-muc-thue-bao-ve-moi-truong-doi-voi-xang-dau-mo-nhon-582482.aspx,Ban hành: 18/12/2023,18/12/2023
539,Nghị quyết 217/NQ-CP về phiên họp Chính phủ thường kỳ tháng 11 năm 2023,https://thuvienphapluat.vn/van-ban/Bo-may-hanh-chinh/Nghi-quyet-217-NQ-CP-2023-phien-hop-Chinh-phu-thuong-ky-thang-11-590907.aspx,Ban hành: 15/12/2023,15/12/2023
540,"Nghị quyết 939/NQ-UBTVQH15 năm 2023 nhập xã Thiệu Phú vào thị trấn Thiệu Hóa và thành lập thị trấn Hậu Hiền thuộc huyện Thiệu Hóa, tỉnh Thanh Hóa do Ủy ban Thường vụ Quốc hội ban hành",https://thuvienphapluat.vn/van-ban/Bo-may-hanh-chinh/Nghi-quyet-939-NQ-UBTVQH15-2023-nhap-xa-Thieu-Phu-vao-thi-tran-Thieu-Hoa-Thanh-Hoa-592292.aspx,Ban hành: 13/12/2023,13/12/2023
541,"Nghị quyết 937/NQ-UBTVQH15 năm 2023 giám sát chuyên đề về thực hiện chính sách, pháp luật về phát triển năng lượng giai đoạn 2016-2021 do Ủy ban Thường vụ Quốc hội ban hành",https://thuvienphapluat.vn/van-ban/Bo-may-hanh-chinh/Nghi-quyet-937-NQ-UBTVQH15-2023-giam-sat-chuyen-de-phat-trien-nang-luong-2016-2021-591397.aspx,Ban hành: 13/12/2023,13/12/2023
542,"Nghị quyết 938/NQ-UBTVQH15 năm 2023 thành lập thị xã Việt Yên và các phường thuộc thị xã Việt Yên, tỉnh Bắc Giang do Ủy ban Thường vụ Quốc hội ban hành",https://thuvienphapluat.vn/van-ban/Bo-may-hanh-chinh/Nghi-quyet-938-NQ-UBTVQH15-2023-thanh-lap-thi-xa-Viet-Yen-tinh-Bac-Giang-592278.aspx,Ban hành: 13/12/2023,13/12/2023
543,"Nghị quyết 211/NQ-CP bổ sung dự toán ngân sách Nhà nước năm 2023 cho các Bộ, cơ quan ở trung ương do Chính phủ ban hành",https://thuvienphapluat.vn/van-ban/Tai-chinh-nha-nuoc/Nghi-quyet-211-NQ-CP-2023-bo-sung-du-toan-ngan-sach-Nha-nuoc-cho-cac-Bo-590016.aspx,Ban hành: 08/12/2023,08/12/2023
544,"Nghị quyết 209/NQ-CP năm 2023 ký Hiệp định về hợp tác phòng, chống tội phạm giữa Việt Nam - Trung Hoa do Chính phủ ban hành",https://thuvienphapluat.vn/van-ban/Bo-may-hanh-chinh/Nghi-quyet-209-NQ-CP-2023-ky-Hiep-dinh-hop-tac-phong-chong-toi-pham-Viet-Nam-Trung-Hoa-589792.aspx,Ban hành: 08/12/2023,08/12/2023
545,"Nghị quyết 208/NQ-CP năm 2023 đàm phán, ký Hiệp định giữa Việt Nam - Belarus về miễn thị thực cho người mang hộ chiếu phổ thông do Chính phủ ban hành",https://thuvienphapluat.vn/van-ban/Bo-may-hanh-chinh/Nghi-quyet-208-NQ-CP-2023-dam-phan-ky-Hiep-dinh-Belarus-mien-thi-thuc-nguoi-mang-ho-chieu-pho-thong-589729.aspx,Ban hành: 08/12/2023,08/12/2023
546,Nghị quyết 207/NQ-CP năm 2023 phê duyệt Công thư trao đổi về việc nâng cấp Hiệp định khung kết nối hai nền kinh tế Việt Nam - Xinh-ga-po giữa Chính phủ Việt Nam và Xinh-ga-po do Chính phủ ban hành,https://thuvienphapluat.vn/van-ban/Thuong-mai/Nghi-quyet-207-NQ-CP-2023-Cong-thu-trao-doi-nang-cap-Hiep-dinh-khung-ket-noi-hai-nen-kinh-te-Xinh-ga-po-589638.aspx,Ban hành: 06/12/2023,06/12/2023
547,Nghị quyết 204/NQ-CP năm 2023 về ký Tài liệu chính thức gia hạn Bản ghi nhớ Lưới điện ASEAN do Chính phủ ban hành,https://thuvienphapluat.vn/van-ban/Thuong-mai/Nghi-quyet-204-NQ-CP-2023-ky-Tai-lieu-chinh-thuc-gia-han-Ban-ghi-nho-Luoi-dien-ASEAN-590004.aspx,Ban hành: 04/12/2023,04/12/2023
548,Nghị quyết 203/NQ-CP phiên họp chuyên đề về xây dựng pháp luật tháng 11 năm 2023 do Chính phủ ban hành,https://thuvienphapluat.vn/van-ban/Bo-may-hanh-chinh/Nghi-quyet-203-NQ-CP-2023-phien-hop-chuyen-de-xay-dung-phap-luat-thang-11-588980.aspx,Ban hành: 01/12/2023,01/12/2023
549,"Nghị quyết 109/2023/QH15 tiếp tục thực hiện Nghị quyết của Quốc hội khóa XIV và từ đầu nhiệm kỳ khóa XV đến hết Kỳ họp thứ 4 về giám sát chuyên đề, chất vấn do Quốc hội ban hành",https://thuvienphapluat.vn/van-ban/Bo-may-hanh-chinh/Nghi-quyet-109-2023-QH15-tiep-tuc-thuc-hien-Nghi-quyet-khoa-XIV-giam-sat-chuyen-de-chat-van-592634.aspx,Ban hành: 29/11/2023,29/11/2023
550,"Nghị quyết 108/2023/QH15 giám sát chuyên đề “Việc thực hiện các nghị quyết của Quốc hội về các Chương trình mục tiêu quốc gia về xây dựng nông thôn mới giai đoạn 2021-2025, giảm nghèo bền vững giai đoạn 2021-2025, phát triển kinh tế - xã hội vùng đồng bào dân tộc thiểu số và miền núi giai đoạn 2021-2030"" do Quốc hội ban hành",https://thuvienphapluat.vn/van-ban/Thuong-mai/Nghi-quyet-108-2023-QH15-giam-sat-chuyen-de-viec-thuc-hien-nghi-quyet-Quoc-hoi-589930.aspx,Ban hành: 29/11/2023,29/11/2023
551,"Nghị quyết 110/2023/QH15 về Kỳ họp thứ 6, Quốc hội khóa XV",https://thuvienphapluat.vn/van-ban/Bo-may-hanh-chinh/Nghi-quyet-110-2023-QH15-Ky-hop-thu-6-Quoc-hoi-khoa-XV-589929.aspx,Ban hành: 29/11/2023,29/11/2023
552,Nghị quyết 107/2023/QH15 về áp dụng thuế thu nhập doanh nghiệp bổ sung theo quy định chống xói mòn cơ sở thuế toàn cầu do Quốc hội ban hành,https://thuvienphapluat.vn/van-ban/Doanh-nghiep/Nghi-quyet-107-2023-QH15-ap-dung-thue-thu-nhap-bo-sung-chong-xoi-mon-co-so-thue-toan-cau-578567.aspx,Ban hành: 29/11/2023,29/11/2023
553,Nghị quyết 106/2023/QH15 về thí điểm một số chính sách đặc thù về đầu tư xây dựng công trình đường bộ do Quốc hội ban hành,https://thuvienphapluat.vn/van-ban/Dau-tu/Nghi-quyet-106-2023-QH15-thi-diem-chinh-sach-dac-thu-ve-dau-tu-xay-dung-cong-trinh-duong-bo-591412.aspx,Ban hành: 28/11/2023,28/11/2023
554,Nghị quyết 201/NQ-CP năm 2023 hoàn thiện dự thảo Nghị quyết thí điểm chính sách đặc thù về đầu tư xây dựng công trình đường bộ do Chính phủ ban hành,https://thuvienphapluat.vn/van-ban/Dau-tu/Nghi-quyet-201-NQ-CP-2023-du-thao-Nghi-quyet-chinh-sach-dac-thu-dau-tu-cong-trinh-duong-bo-588354.aspx,Ban hành: 27/11/2023,27/11/2023
555,"Nghị quyết 202/NQ-CP năm 2023 trình Ủy ban Thường vụ Quốc hội dự thảo Nghị quyết của Ủy ban Thường vụ Quốc hội về mức thuế bảo vệ môi trường đối với xăng, dầu, mỡ nhờn do Chính phủ ban hành",https://thuvienphapluat.vn/van-ban/Thue-Phi-Le-Phi/Nghi-quyet-202-NQ-CP-2023-trinh-du-thao-Nghi-quyet-muc-thue-bao-ve-moi-truong-xang-dau-mo-nhon-588363.aspx,Ban hành: 27/11/2023,27/11/2023
556,Nghị quyết 198/NQ-CP năm 2023 hoàn thiện dự thảo Nghị quyết thí điểm chính sách đặc thù về đầu tư xây dựng công trình đường bộ do Chính phủ ban hành,https://thuvienphapluat.vn/van-ban/Bo-may-hanh-chinh/Nghi-quyet-198-NQ-CP-2023-du-thao-Nghi-quyet-chinh-sach-dau-tu-xay-dung-cong-trinh-duong-bo-588532.aspx,Ban hành: 23/11/2023,23/11/2023
557,"Nghị quyết 197/NQ-CP năm 2023 về gia nhập Công ước quốc tế về kiểm soát, quản lý nước dằn và cặn nước dằn của tàu năm 2004 do Chính phủ ban hành",https://thuvienphapluat.vn/van-ban/Giao-thong-Van-tai/Nghi-quyet-197-NQ-CP-2023-gia-nhap-Cong-uoc-quoc-te-quan-ly-nuoc-dan-va-can-nuoc-dan-tau-2004-587831.aspx,Ban hành: 23/11/2023,23/11/2023
558,"Nghị quyết 196/NQ-CP năm 2023 về nhập xã Thiệu Phú vào thị trấn Thiệu Hóa và thành lập thị trấn Hậu Hiền thuộc huyện Thiệu Hóa, tỉnh Thanh Hóa do Chính phủ ban hành",https://thuvienphapluat.vn/van-ban/Bo-may-hanh-chinh/Nghi-quyet-196-NQ-CP-2023-nhap-xa-Thieu-Phu-vao-thi-tran-Thieu-Hoa-Thanh-Hoa-587545.aspx,Ban hành: 22/11/2023,22/11/2023
559,Nghị quyết 193/NQ-CP năm 2023 ký Nghị định thư sửa đổi Hiệp định về vận chuyển hàng không ký ngày ngày 08 tháng 3 năm 2009 giữa Việt Nam và Nhà nước Ca-ta do Chính phủ ban hành,https://thuvienphapluat.vn/van-ban/Giao-thong-Van-tai/Nghi-quyet-193-NQ-CP-2023-ky-Nghi-dinh-thu-sua-doi-Hiep-dinh-van-chuyen-hang-khong-Ca-ta-587342.aspx,Ban hành: 20/11/2023,20/11/2023
560,"Nghị quyết 194/NQ-CP năm 2023 phê duyệt Phụ lục Hiệp định khung về Hợp tác Việt Nam - Cuba phát triển sản xuất lúa gạo tại Cuba, giai đoạn 2018-2022 giữa Việt Nam - Cuba do Chính phủ ban hành",https://thuvienphapluat.vn/van-ban/Bo-may-hanh-chinh/Nghi-quyet-194-NQ-CP-2023-phe-duyet-Phu-luc-Hiep-dinh-khung-phat-trien-san-xuat-lua-gao-tai-Cuba-587345.aspx,Ban hành: 20/11/2023,20/11/2023
561,"Nghị quyết 195/NQ-CP năm 2023 về dừng chương trình tín dụng đối với học sinh, sinh viên có hoàn cảnh gia đình khó khăn để mua máy tính, thiết bị phục vụ học tập trực tuyến tại Quyết định 09/2022/QĐ-TTg do Chính phủ ban hành",https://thuvienphapluat.vn/van-ban/Tien-te-Ngan-hang/Nghi-quyet-195-NQ-CP-2023-dung-chuong-trinh-tin-dung-hoc-sinh-hoan-canh-kho-khan-mua-may-tinh-587346.aspx,Ban hành: 20/11/2023,20/11/2023
562,"Nghị quyết 192/NQ-CP năm 2023 về gia hạn thời gian thực hiện thí điểm dùng tài khoản viễn thông thanh toán cho các hàng hóa, dịch vụ có giá trị nhỏ do Chính phủ ban hành",https://thuvienphapluat.vn/van-ban/Cong-nghe-thong-tin/Nghi-quyet-192-NQ-CP-2023-gia-han-thi-diem-dung-tai-khoan-vien-thong-thanh-toan-hang-hoa-gia-tri-nho-587314.aspx,Ban hành: 18/11/2023,18/11/2023
563,"Nghị quyết 190/NQ-CP năm 2023 về nguồn vốn ngân sách trung ương thực hiện Dự án thu hồi đất, bồi thường, hỗ trợ, tái định cư Cảng hàng không quốc tế Long Thành do Chính phủ ban hành",https://thuvienphapluat.vn/van-ban/Tai-chinh-nha-nuoc/Nghi-quyet-190-NQ-CP-2023-nguon-von-trung-uong-thuc-hien-Du-an-thu-hoi-dat-Cang-Long-Thanh-587226.aspx,Ban hành: 17/11/2023,17/11/2023
564,Nghị quyết 189/NQ-CP năm 2023 về Chương trình hành động thực hiện Nghị quyết 36-NQ/TW về phát triển và ứng dụng công nghệ sinh học phục vụ phát triển bền vững đất nước trong tình hình mới do Chính phủ ban hành,https://thuvienphapluat.vn/van-ban/Tai-nguyen-Moi-truong/Nghi-quyet-189-NQ-CP-2023-thuc-hien-Nghi-quyet-36-NQ-TW-ung-dung-cong-nghe-sinh-hoc-587024.aspx,Ban hành: 16/11/2023,16/11/2023
565,Nghị quyết 105/2023/QH15 về phân bổ ngân sách trung ương năm 2024 do Quốc hội ban hành,https://thuvienphapluat.vn/van-ban/Tai-chinh-nha-nuoc/Nghi-quyet-105-2023-QH15-phan-bo-ngan-sach-trung-uong-2024-588704.aspx,Ban hành: 10/11/2023,10/11/2023
566,Nghị quyết 104/2023/QH15 về dự toán ngân sách nhà nước năm 2024 do Quốc hội ban hành,https://thuvienphapluat.vn/van-ban/Tai-chinh-nha-nuoc/Nghi-quyet-104-2023-QH15-du-toan-ngan-sach-nha-nuoc-2024-588703.aspx,Ban hành: 10/11/2023,10/11/2023
567,Nghị quyết 103/2023/QH15 về Kế hoạch phát triển kinh tế - xã hội năm 2024 do Quốc hội ban hành,https://thuvienphapluat.vn/van-ban/Thuong-mai/Nghi-quyet-103-2023-QH15-Ke-hoach-phat-trien-kinh-te-xa-hoi-nam-2024-587884.aspx,Ban hành: 09/11/2023,09/11/2023
568,Nghị quyết 185/NQ-CP về phiên họp Chính phủ thường kỳ tháng 10 năm 2023,https://thuvienphapluat.vn/van-ban/Bo-may-hanh-chinh/Nghi-quyet-185-NQ-CP-2023-phien-hop-Chinh-phu-thuong-ky-thang-10-586216.aspx,Ban hành: 07/11/2023,07/11/2023
569,"Nghị quyết 184/NQ-CP năm 2023 về giao kế hoạch vốn Chương trình phục hồi và phát triển kinh tế - xã hội; điều chỉnh, bổ sung kế hoạch đầu tư công trung hạn vốn ngân sách trung ương giai đoạn 2021-2025 của các bộ, cơ quan trung ương và địa phương do Chính phủ ban hành",https://thuvienphapluat.vn/van-ban/Dau-tu/Nghi-quyet-184-NQ-CP-2023-giao-ke-hoach-von-Chuong-trinh-phuc-hoi-va-phat-trien-kinh-te-xa-hoi-585341.aspx,Ban hành: 04/11/2023,04/11/2023
570,Nghị quyết 182/NQ-CP năm 2023 về dự án Nghị quyết về giảm thuế giá trị gia tăng do Chính phủ ban hành,https://thuvienphapluat.vn/van-ban/Thue-Phi-Le-Phi/Nghi-quyet-182-NQ-CP-2023-du-an-Nghi-quyet-giam-thue-gia-tri-gia-tang-585033.aspx,Ban hành: 03/11/2023,03/11/2023
571,Nghị quyết 181/NQ-CP năm 2023 về điều chỉnh nhiệm vụ chi thực hiện chính sách cho vay ưu đãi thông qua Ngân hàng Chính sách xã hội theo Nghị quyết 11/NQ-CP do Chính phủ ban hành,https://thuvienphapluat.vn/van-ban/Lao-dong-Tien-luong/Nghi-quyet-181-NQ-CP-2023-dieu-chinh-nhiem-vu-chi-cho-vay-uu-dai-qua-Ngan-hang-Chinh-sach-xa-hoi-585032.aspx,Ban hành: 02/11/2023,02/11/2023
572,Nghị quyết 179/NQ-CP năm 2023 đề nghị xây dựng dự án Nghị quyết về giảm thuế giá trị gia tăng do Chính phủ ban hành,https://thuvienphapluat.vn/van-ban/Thue-Phi-Le-Phi/Nghi-quyet-179-NQ-CP-2023-de-nghi-xay-dung-du-an-Nghi-quyet-ve-giam-thue-gia-tri-gia-tang-584871.aspx,Ban hành: 01/11/2023,01/11/2023
573,"Nghị quyết 180/NQ-CP năm 2023 về đàm phán, ký Hiệp định cho phép thân nhân của thành viên cơ quan đại diện ngoại giao, cơ quan lãnh sự làm việc có thu nhập giữa Việt Nam và Ấn Độ do Chính phủ ban hành",https://thuvienphapluat.vn/van-ban/Bo-may-hanh-chinh/Nghi-quyet-180-NQ-CP-2023-ky-Hiep-dinh-than-nhan-dai-dien-ngoai-giao-lam-viec-co-thu-nhap-An-Do-584869.aspx,Ban hành: 01/11/2023,01/11/2023
574,"Nghị quyết 178/NQ-CP năm 2023 Chương trình hành động thực hiện Kết luận 49-KL/TW về định hướng phát triển giao thông vận tải đường sắt Việt Nam đến năm 2030, tầm nhìn đến năm 2045 do Chính phủ ban hành",https://thuvienphapluat.vn/van-ban/Giao-thong-Van-tai/Nghi-quyet-178-NQ-CP-2023-thuc-hien-Ket-luan-49-KL-TW-phat-trien-giao-thong-van-tai-duong-sat-584453.aspx,Ban hành: 31/10/2023,31/10/2023
575,"Nghị quyết 177/NQ-CP năm 2023 đàm phán, ký Hiệp định về miễn thị thực cho người mang hộ chiếu ngoại giao, hộ chiếu công vụ, hộ chiếu phổ thông giữa Việt Nam - Mông Cổ do Chính phủ ban hành",https://thuvienphapluat.vn/van-ban/Bo-may-hanh-chinh/Nghi-quyet-177-NQ-CP-2023-ky-Hiep-dinh-mien-thi-thuc-ho-chieu-ngoai-giao-Mong-Co-584371.aspx,Ban hành: 30/10/2023,30/10/2023
576,"Nghị quyết 176/NQ-CP năm 2023 sửa đổi Nghị quyết 103/NQ-CP về Chương trình hành động thực hiện Kết luận 67-KL/TW về xây dựng và phát triển Thành phố Buôn Ma Thuột đến năm 2030, tầm nhìn đến năm 2045 do Chính phủ ban hành",https://thuvienphapluat.vn/van-ban/Xay-dung-Do-thi/Nghi-quyet-176-NQ-CP-2023-sua-doi-Nghi-quyet-103-NQ-CP-phat-trien-Buon-Ma-Thuot-584355.aspx,Ban hành: 30/10/2023,30/10/2023
577,Nghị quyết 175/NQ-CP năm 2023 phê duyệt Đề án Trung tâm dữ liệu quốc gia do Chính phủ ban hành,https://thuvienphapluat.vn/van-ban/Cong-nghe-thong-tin/Nghi-quyet-175-NQ-CP-2023-phe-duyet-De-an-Trung-tam-du-lieu-quoc-gia-584234.aspx,Ban hành: 30/10/2023,30/10/2023
578,"Nghị quyết 174/NQ-CP năm 2023 bãi bỏ Nghị quyết phòng, chống dịch COVID-19 do Chính phủ ban hành",https://thuvienphapluat.vn/van-ban/The-thao-Y-te/Nghi-quyet-174-NQ-CP-2023-bai-bo-Nghi-quyet-phong-chong-dich-COVID19-584127.aspx,Ban hành: 28/10/2023,28/10/2023
579,"Nghị quyết 173/NQ-CP về phân bổ, điều chỉnh kế hoạch đầu tư vốn ngân sách trung ương năm 2023 giữa các bộ, cơ quan trung ương và địa phương do Chính phủ ban hành",https://thuvienphapluat.vn/van-ban/Dau-tu/Nghi-quyet-173-NQ-CP-2023-dieu-chinh-ke-hoach-dau-tu-von-ngan-sach-trung-uong-giua-cac-bo-584357.aspx,Ban hành: 27/10/2023,27/10/2023
580,Nghị quyết 171/NQ-CP năm 2023 ký Thỏa thuận về hợp tác giáo dục giữa Việt Nam - Palestine giai đoạn 2023-2028 do Chính phủ ban hành,https://thuvienphapluat.vn/van-ban/Giao-duc/Nghi-quyet-171-NQ-CP-2023-ky-Thoa-thuan-ve-hop-tac-giao-duc-Palestine-giai-doan-2023-2028-583776.aspx,Ban hành: 25/10/2023,25/10/2023
581,Nghị quyết 170/NQ-CP về điều chỉnh dự toán vốn vay lại năm 2023 của các địa phương do Chính phủ ban hành,https://thuvienphapluat.vn/van-ban/Tai-chinh-nha-nuoc/Nghi-quyet-170-NQ-CP-2023-dieu-chinh-du-toan-von-vay-lai-cua-cac-dia-phuong-582764.aspx,Ban hành: 18/10/2023,18/10/2023
582,"Nghị quyết 38/2023/UBTVQH15 về điều chỉnh Chương trình xây dựng luật, pháp lệnh năm 2023 do Ủy ban Thường vụ Quốc hội ban hành",https://thuvienphapluat.vn/van-ban/Bo-may-hanh-chinh/Nghi-quyet-38-2023-UBTVQH15-dieu-chinh-Chuong-trinh-xay-dung-luat-phap-lenh-583561.aspx,Ban hành: 16/10/2023,16/10/2023
583,"Nghị quyết 169/NQ-CP năm 2023 về kinh phí chi trả tiền thưởng Giải thưởng Hồ Chí Minh, Giải thưởng Nhà nước về văn học, nghệ thuật do Chính phủ ban hành",https://thuvienphapluat.vn/van-ban/Tai-chinh-nha-nuoc/Nghi-quyet-169-NQ-CP-2023-kinh-phi-chi-tra-tien-thuong-Giai-thuong-Ho-Chi-Minh-582471.aspx,Ban hành: 14/10/2023,14/10/2023
584,"Nghị quyết 168/NQ-CP năm 2023 về Chiến lược quốc gia phòng, chống tham nhũng, tiêu cực đến năm 2030 do Chính phủ ban hành",https://thuvienphapluat.vn/van-ban/Tai-chinh-nha-nuoc/Nghi-quyet-168-NQ-CP-2023-Chien-luoc-quoc-gia-phong-chong-tham-nhung-tieu-cuc-den-2030-582068.aspx,Ban hành: 11/10/2023,11/10/2023
585,Nghị quyết liên tịch 01/2023/NQLT-CP-ĐCTUBTƯMTTQVN về công tác phối hợp giữa Chính phủ với Đoàn Chủ tịch Ủy ban Trung ương Mặt trận Tổ quốc Việt Nam,https://thuvienphapluat.vn/van-ban/Bo-may-hanh-chinh/Nghi-quyet-lien-tich-01-2023-NQLT-CP-DCTUBTUMTTQVN-cong-tac-phoi-hop-Chinh-phu-Mat-tran-To-quoc-586487.aspx,Ban hành: 10/10/2023,10/10/2023
586,Nghị quyết 167/NQ-CP năm 2023 sửa đổi điểm b khoản 1 Điều 4 Nghị quyết 119/NQ-CP về chuyển giao Khu Công nghệ cao Hòa Lạc thuộc quyền quản lý của Bộ Khoa học và Công nghệ về Ủy ban nhân dân Thành phố Hà Nội quản lý do Chính phủ ban hành,https://thuvienphapluat.vn/van-ban/Bo-may-hanh-chinh/Nghi-quyet-167-NQ-CP-2023-sua-doi-Nghi-quyet-119-NQ-CP-chuyen-Khu-Cong-nghe-cao-Hoa-Lac-ve-Uy-ban-Ha-Noi-quan-ly-581799.aspx,Ban hành: 09/10/2023,09/10/2023
587,Nghị quyết 165/NQ-CP Phiên họp chuyên đề về xây dựng pháp luật tháng 9 năm 2023 do Chính phủ ban hành,https://thuvienphapluat.vn/van-ban/Bo-may-hanh-chinh/Nghi-quyet-165-NQ-CP-2023-Phien-hop-chuyen-de-ve-xay-dung-phap-luat-thang-9-581560.aspx,Ban hành: 06/10/2023,06/10/2023
588,Nghị quyết 164/NQ-CP về Phiên họp Chính phủ thường kỳ tháng 9 năm 2023 và Hội nghị trực tuyến Chính phủ với địa phương,https://thuvienphapluat.vn/van-ban/Bo-may-hanh-chinh/Nghi-quyet-164-NQ-CP-2023-Phien-hop-Chinh-phu-thuong-ky-thang-9-581430.aspx,Ban hành: 04/10/2023,04/10/2023
589,"Nghị quyết 162/NQ-CP năm 2023 Chương trình hành động thực hiện Nghị quyết 39-NQ/TW về xây dựng và phát triển tỉnh Nghệ An đến năm 2030, tầm nhìn đến năm 2045 do Chính phủ ban hành",https://thuvienphapluat.vn/van-ban/Bo-may-hanh-chinh/Nghi-quyet-162-NQ-CP-2023-thuc-hien-Nghi-quyet-39-NQ-TW-xay-dung-va-phat-trien-Nghe-An-581416.aspx,Ban hành: 04/10/2023,04/10/2023
590,"Nghị quyết 149/NQ-CP năm 2023 Chương trình hành động thực hiện Chỉ thị 23-CT/TW về tăng cường sự lãnh đạo của Đảng đối với công tác bảo đảm trật tự, an toàn giao thông trong tình hình mới do Chính phủ ban hành",https://thuvienphapluat.vn/van-ban/Giao-thong-Van-tai/Nghi-quyet-149-NQ-CP-2023-Chuong-trinh-thuc-hien-Chi-thi-23-CT-TW-an-toan-giao-thong-580128.aspx,Ban hành: 21/09/2023,21/09/2023
591,Nghị quyết 148/NQ-CP năm 2023 tiếp tục triển khai thi hành Nghị quyết 42/2017/QH14 về thí điểm xử lý nợ xấu của các tổ chức tín dụng do Chính phủ ban hành,https://thuvienphapluat.vn/van-ban/Tien-te-Ngan-hang/Nghi-quyet-148-NQ-CP-2023-tiep-tuc-trien-khai-thi-hanh-Nghi-quyet-42-2017-QH14-579993.aspx,Ban hành: 20/09/2023,20/09/2023
592,"Nghị quyết 686/NQ-UBTVQH15 năm 2023 giám sát chuyên đề về thực hiện Nghị quyết 88/2014/QH13 và 51/2017/QH14 về đổi mới chương trình, sách giáo khoa giáo dục phổ thông do Ủy ban Thường vụ Quốc hội ban hành",https://thuvienphapluat.vn/van-ban/Bo-may-hanh-chinh/Nghi-quyet-686-NQ-UBTVQH15-2023-giam-sat-chuyen-de-thuc-hien-Nghi-quyet-88-2014-QH13-580073.aspx,Ban hành: 18/09/2023,18/09/2023
593,Nghị quyết 144/NQ-CP về phiên họp Chính phủ thường kỳ tháng 8 năm 2023,https://thuvienphapluat.vn/van-ban/Bo-may-hanh-chinh/Nghi-quyet-144-NQ-CP-2023-phien-hop-Chinh-phu-thuong-ky-thang-8-578914.aspx,Ban hành: 10/09/2023,10/09/2023
594,Nghị quyết 37/2023/UBTVQH15 quy định về cơ quan thanh tra được trích một phần từ các khoản tiền thu hồi phát hiện qua thanh tra sau khi nộp vào ngân sách nhà nước do Ủy ban Thường vụ Quốc hội ban hành,https://thuvienphapluat.vn/van-ban/Tai-chinh-nha-nuoc/Nghi-quyet-37-2023-UBTVQH15-co-quan-thanh-tra-duoc-trich-mot-phan-sau-khi-nop-vao-ngan-sach-580062.aspx,Ban hành: 06/09/2023,06/09/2023
595,"Nghị quyết 139/NQ-CP năm 2023 về giải pháp tháo gỡ khó khăn, vướng mắc trong công tác chuyển mục đích sử dụng rừng sang mục đích khác để thực hiện các dự án cấp thiết phục vụ phát triển kinh tế - xã hội, quốc phòng, an ninh do Chính phủ ban hành",https://thuvienphapluat.vn/van-ban/Dau-tu/Nghi-quyet-139-NQ-CP-2023-giai-phap-thao-go-kho-khan-vuong-mac-chuyen-muc-dich-su-dung-rung-577657.aspx,Ban hành: 31/08/2023,31/08/2023
596,Nghị quyết 853/NQ-UBTVQH15 năm 2023 về hoạt động chất vấn tại Phiên họp thứ 25 của Ủy ban Thường vụ Quốc hội khóa XV,https://thuvienphapluat.vn/van-ban/Bo-may-hanh-chinh/Nghi-quyet-853-NQ-UBTVQH15-2023-hoat-dong-chat-van-tai-Phien-hop-thu-25-khoa-XV-579196.aspx,Ban hành: 30/08/2023,30/08/2023
597,Nghị quyết 135/NQ-CP Phiên họp chuyên đề về xây dựng pháp luật tháng 8 năm 2023 do Chính phủ ban hành,https://thuvienphapluat.vn/van-ban/Bo-may-hanh-chinh/Nghi-quyet-135-NQ-CP-2023-chuyen-de-xay-dung-phap-luat-thang-8-577472.aspx,Ban hành: 30/08/2023,30/08/2023
598,"Nghị quyết 129/NQ-CP năm 2023 về điều chuyển thuốc, vật tư, sinh phẩm đã mua từ nguồn ngân sách Nhà nước cho phòng, chống dịch COVID-19 sang nguồn thu dịch vụ khám bệnh, chữa bệnh do Chính phủ ban hành",https://thuvienphapluat.vn/van-ban/The-thao-Y-te/Nghi-quyet-129-NQ-CP-2023-dieu-chuyen-thuoc-da-mua-sang-nguon-thu-dich-vu-kham-chua-benh-576165.aspx,Ban hành: 18/08/2023,18/08/2023
599,"Nghị quyết 126/NQ-CP năm 2023 về giải pháp nâng cao chất lượng công tác xây dựng, hoàn thiện hệ thống pháp luật và tổ chức thi hành pháp luật nhằm ngăn ngừa tình trạng tham nhũng, lợi ích nhóm, lợi ích cục bộ do Chính phủ ban hành",https://thuvienphapluat.vn/van-ban/Bo-may-hanh-chinh/Nghi-quyet-126-NQ-CP-2023-hoan-thien-he-thong-phap-luat-ngan-ngua-tinh-trang-tham-nhung-575625.aspx,Ban hành: 14/08/2023,14/08/2023
600,"Nghị quyết 128/NQ-CP năm 2023 sửa đổi Nghị quyết 32/NQ-CP về miễn thị thực cho công dân các nước: Đức, Pháp, I-ta-li-a, Tây Ban Nha, Anh và Bắc Ai-len, Nga, Nhật Bản, Đại Hàn Dân Quốc, Đan Mạch, Thụy Điển, Na-uy, Phần Lan và Bê-la-rút do Chính phủ ban hành",https://thuvienphapluat.vn/van-ban/Quyen-dan-su/Nghi-quyet-128-NQ-CP-2023-sua-doi-Nghi-quyet-32-NQ-CP-mien-thi-thuc-cho-cong-dan-Duc-Phap-575680.aspx,Ban hành: 14/08/2023,14/08/2023
601,"Nghị quyết 127/NQ-CP năm 2023 về áp dụng cấp thị thực điện tử cho công dân các nước, vùng lãnh thổ; các cửa khẩu quốc tế cho phép người nước ngoài nhập cảnh, xuất cảnh bằng thị thực điện tử do Chính phủ ban hành",https://thuvienphapluat.vn/van-ban/Cong-nghe-thong-tin/Nghi-quyet-127-NQ-CP-2023-ap-dung-cap-thi-thuc-dien-tu-cho-cong-dan-cac-nuoc-vung-lanh-tho-575687.aspx,Ban hành: 14/08/2023,14/08/2023
602,Nghị quyết 124/NQ-CP về phiên họp Chính phủ thường kỳ tháng 7 năm 2023,https://thuvienphapluat.vn/van-ban/Bo-may-hanh-chinh/Nghi-quyet-124-NQ-CP-2023-phien-hop-Chinh-phu-thuong-ky-thang-7-575357.aspx,Ban hành: 07/08/2023,07/08/2023
603,Nghị quyết 119/NQ-CP năm 2023 về chuyển giao Khu Công nghệ cao Hòa Lạc thuộc quyền quản lý của Bộ Khoa học và Công nghệ về Ủy ban nhân dân thành phố Hà Nội quản lý do Chính phủ ban hành,https://thuvienphapluat.vn/van-ban/Bo-may-hanh-chinh/Nghi-quyet-119-NQ-CP-2023-chuyen-giao-Khu-Cong-nghe-cao-Hoa-Lac-ve-Uy-ban-Ha-Noi-quan-ly-574359.aspx,Ban hành: 01/08/2023,01/08/2023
604,"Nghị quyết 117/NQ-CP năm 2023 về Kế hoạch thực hiện sắp xếp đơn vị hành chính cấp huyện, cấp xã giai đoạn 2023-2025 do Chính phủ ban hành",https://thuvienphapluat.vn/van-ban/Bo-may-hanh-chinh/Nghi-quyet-117-NQ-CP-2023-Ke-hoach-sap-xep-don-vi-hanh-chinh-cap-huyen-cap-xa-2023-2025-560389.aspx,Ban hành: 30/07/2023,30/07/2023
605,Nghị quyết 115/NQ-CP phiên họp chuyên đề về xây dựng pháp luật tháng 7 năm 2023 do Chính phủ ban hành,https://thuvienphapluat.vn/van-ban/Bo-may-hanh-chinh/Nghi-quyet-115-NQ-CP-2023-phien-hop-chuyen-de-ve-xay-dung-phap-luat-thang-7-574146.aspx,Ban hành: 28/07/2023,28/07/2023
606,Nghị quyết 114/NQ-CP phiên họp Chính phủ tháng 7 năm 2023 về dự án Luật Bảo hiểm xã hội (sửa đổi),https://thuvienphapluat.vn/van-ban/Bao-hiem/Nghi-quyet-114-NQ-CP-2023-phien-hop-thang-7-ve-du-an-Luat-Bao-hiem-xa-hoi-sua-doi-573987.aspx,Ban hành: 28/07/2023,28/07/2023
607,"Nghị quyết 112/NQ-CP năm 2023 về kéo dài thời gian thực hiện thí điểm Đội Quản lý trật tự xây dựng đô thị trực thuộc Ủy ban nhân dân quận, huyện, thị xã tại thành phố Hà Nội do Chính phủ ban hành",https://thuvienphapluat.vn/van-ban/Bo-may-hanh-chinh/Nghi-quyet-112-NQ-CP-2023-keo-dai-thoi-gian-thi-diem-Doi-Quan-ly-trat-tu-xay-dung-do-thi-573912.aspx,Ban hành: 26/07/2023,26/07/2023
608,"Nghị quyết 111/NQ-CP năm 2023 về kết quả thực hiện Nghị quyết 134/2020/QH14 về tiếp tục thực hiện các Nghị quyết về giám sát chuyên đề, chất vấn trong nhiệm kỳ khóa XIV và Nghị quyết trong nhiệm kỳ khóa XIII và Nghị quyết 41/2021/QH15 về hoạt động chất vấn tại kỳ họp thứ 2, Quốc hội khóa XV trong lĩnh vực kế hoạch và đầu tư do Chính phủ ban hành",https://thuvienphapluat.vn/van-ban/Dau-tu/Nghi-quyet-111-NQ-CP-2023-ket-qua-thuc-hien-Nghi-quyet-134-2020-QH14-573538.aspx,Ban hành: 24/07/2023,24/07/2023
609,"Nghị quyết 108/NQ-CP năm 2023 huy động nguồn vốn vay ODA, vay ưu đãi nước ngoài và tỷ lệ vay lại vốn vay nước ngoài của các dự án vùng Đồng bằng sông Cửu Long theo Nghị quyết 120/NQ-CP về phát triển bền vững vùng đồng bằng sông Cửu Long thích ứng với biến đổi khí hậu do Chính phủ ban hành",https://thuvienphapluat.vn/van-ban/Tai-chinh-nha-nuoc/Nghi-quyet-108-NQ-CP-2023-huy-dong-nguon-von-vay-ODA-du-an-vung-Dong-bang-song-Cuu-Long-623485.aspx,Ban hành: 18/07/2023,18/07/2023
610,"Nghị quyết 107/NQ-CP năm 2023 phê duyệt kết quả pháp điển hệ thống quy phạm pháp luật đối với các chủ đề: An ninh quốc gia; Dân số, trẻ em, gia đình, bình đẳng giới; Thuế, phí, lệ phí và các khoản thu khác; Tổ chức bộ máy Nhà nước; Trật tự, an toàn xã hội và 08 đề mục do Chính phủ ban hành",https://thuvienphapluat.vn/van-ban/Bo-may-hanh-chinh/Nghi-quyet-107-NQ-CP-2023-ket-qua-phap-dien-he-thong-quy-pham-An-ninh-quoc-gia-Dan-so-tre-em-572854.aspx,Ban hành: 18/07/2023,18/07/2023
611,Nghị quyết 106/NQ-CP năm 2023 về phát triển hợp tác xã nông nghiệp trong tái cơ cấu ngành nông nghiệp và xây dựng nông thôn mới do Chính phủ ban hành,https://thuvienphapluat.vn/van-ban/Doanh-nghiep/Nghi-quyet-106-NQ-CP-2023-phat-trien-hop-tac-xa-nong-nghiep-tai-co-cau-nganh-nong-nghiep-572853.aspx,Ban hành: 18/07/2023,18/07/2023
612,"Nghị quyết 105/NQ-CP năm 2023 về các nhiệm vụ, giải pháp tháo gỡ khó khăn cho sản xuất kinh doanh, tiếp tục đẩy mạnh cải cách thủ tục hành chính, siết chặt kỷ luật, kỷ cương do Chính phủ ban hành",https://thuvienphapluat.vn/van-ban/Bo-may-hanh-chinh/Nghi-quyet-105-NQ-CP-2023-nhiem-vu-giai-phap-thao-go-kho-khan-cho-san-xuat-kinh-doanh-572934.aspx,Ban hành: 15/07/2023,15/07/2023
613,"Nghị quyết 35/2023/UBTVQH15 về sắp xếp đơn vị hành chính cấp huyện, cấp xã giai đoạn 2023-2030 do Ủy ban Thường vụ Quốc hội ban hành",https://thuvienphapluat.vn/van-ban/Bo-may-hanh-chinh/Nghi-quyet-35-2023-UBTVQH15-sap-xep-don-vi-hanh-chinh-cap-huyen-cap-xa-2023-2030-573179.aspx,Ban hành: 12/07/2023,12/07/2023
614,Nghị quyết 101/NQ-CP năm 2023 chấm dứt việc thí điểm thành lập Ban Quản lý Khu kinh tế Vân Đồn trực thuộc Ủy ban nhân dân tỉnh Quảng Ninh do Chính phủ ban hành,https://thuvienphapluat.vn/van-ban/Thuong-mai/Nghi-quyet-101-NQ-CP-2023-cham-dut-thi-diem-thanh-lap-Ban-Quan-ly-Khu-kinh-te-Van-Don-572238.aspx,Ban hành: 11/07/2023,11/07/2023
615,"Nghị quyết 99/NQ-CP năm 2023 về Chương trình hành động thực hiện Kết luận 50-KL/TW về tiếp tục thực hiện Nghị quyết 18-NQ/TW về tiếp tục đổi mới, sắp xếp tổ chức bộ máy của hệ thống chính trị tinh gọn, hoạt động hiệu lực, hiệu quả do Chính phủ ban hành",https://thuvienphapluat.vn/van-ban/Bo-may-hanh-chinh/Nghi-quyet-99-NQ-CP-2023-thuc-hien-Ket-luan-50-KL-TW-doi-moi-to-chuc-bo-may-572121.aspx,Ban hành: 10/07/2023,10/07/2023
616,Nghị quyết 98/NQ-CP về bố trí ngân sách trung ương năm 2023 cho Bộ Y tế để mua vắc xin cho Chương trình tiêm chủng mở rộng do Chính phủ ban hành,https://thuvienphapluat.vn/van-ban/Tai-chinh-nha-nuoc/Nghi-quyet-98-NQ-CP-2023-bo-tri-ngan-sach-cho-Bo-Y-te-de-mua-vac-xin-cho-tiem-chung-mo-rong-572072.aspx,Ban hành: 10/07/2023,10/07/2023
617,Nghị quyết 97/NQ-CP về phiên họp Chính phủ thường kỳ tháng 6 năm 2023 và Hội nghị trực tuyến Chính phủ với địa phương,https://thuvienphapluat.vn/van-ban/Bo-may-hanh-chinh/Nghi-quyet-97-NQ-CP-2023-phien-hop-Chinh-phu-thuong-ky-thang-6-572245.aspx,Ban hành: 08/07/2023,08/07/2023
618,Nghị quyết 95/NQ-CP phiên họp chuyên đề về xây dựng pháp luật tháng 6 năm 2023 do Chính phủ ban hành,https://thuvienphapluat.vn/van-ban/Bo-may-hanh-chinh/Nghi-quyet-95-NQ-CP-2023-phien-hop-chuyen-de-ve-xay-dung-phap-luat-thang-6-572018.aspx,Ban hành: 07/07/2023,07/07/2023
619,"Nghị quyết 93/NQ-CP năm 2023 về nâng cao hiệu quả hội nhập kinh tế quốc tế, thúc đẩy kinh tế phát triển nhanh và bền vững giai đoạn 2023-2030 do Chính phủ ban hành",https://thuvienphapluat.vn/van-ban/Thuong-mai/Nghi-quyet-93-NQ-CP-2023-nang-cao-hieu-qua-hoi-nhap-kinh-te-quoc-te-2023-2030-571762.aspx,Ban hành: 05/07/2023,05/07/2023
620,"Nghị quyết 98/2023/QH15 về thí điểm cơ chế, chính sách đặc thù phát triển Thành phố Hồ Chí Minh do Quốc hội ban hành",https://thuvienphapluat.vn/van-ban/Bo-may-hanh-chinh/Nghi-quyet-98-2023-QH15-thi-diem-co-che-chinh-sach-dac-thu-phat-trien-Ho-Chi-Minh-571833.aspx,Ban hành: 24/06/2023,24/06/2023
621,"Nghị quyết 99/2023/QH15 giám sát chuyên đề về việc huy động, quản lý và sử dụng các nguồn lực phục vụ công tác phòng, chống dịch COVID-19; việc thực hiện chính sách, pháp luật về y tế cơ sở, y tế dự phòng do Quốc hội ban hành",https://thuvienphapluat.vn/van-ban/Lao-dong-Tien-luong/Nghi-quyet-99-2023-QH15-giam-sat-chuyen-de-huy-dong-nguon-luc-phong-chong-dich-COVID19-571990.aspx,Ban hành: 24/06/2023,24/06/2023
622,Nghị quyết 97/2023/QH15 phê chuẩn đề nghị của Chánh án Tòa án nhân dân tối cao về bổ nhiệm Thẩm phán Tòa án nhân dân tối do Quốc hội ban hành,https://thuvienphapluat.vn/van-ban/Bo-may-hanh-chinh/Nghi-quyet-97-2023-QH15-phe-chuan-de-nghi-bo-nhiem-Tham-phan-Toa-an-nhan-dan-toi-574106.aspx,Ban hành: 24/06/2023,24/06/2023
623,"Nghị quyết 100/2023/QH15 về hoạt động chất vấn tại Kỳ họp thứ 5, Quốc hội khóa XV",https://thuvienphapluat.vn/van-ban/Bo-may-hanh-chinh/Nghi-quyet-100-2023-QH15-hoat-dong-chat-van-tai-Ky-hop-thu-5-Quoc-hoi-khoa-XV-571985.aspx,Ban hành: 24/06/2023,24/06/2023
624,"Nghị quyết 101/2023/QH15 về kỳ họp thứ 5, Quốc hội khóa XV",https://thuvienphapluat.vn/van-ban/Bo-may-hanh-chinh/Nghi-quyet-101-2023-QH15-ky-hop-thu-5-Quoc-hoi-khoa-XV-571915.aspx,Ban hành: 24/06/2023,24/06/2023
625,"Nghị quyết 96/2023/QH15 về lấy phiếu tín nhiệm, bỏ phiếu tín nhiệm đối với người giữ chức vụ do Quốc hội, Hội đồng nhân dân bầu hoặc phê chuẩn",https://thuvienphapluat.vn/van-ban/Bo-may-hanh-chinh/Nghi-quyet-96-2023-QH15-lay-phieu-tin-nhiem-doi-voi-nguoi-giu-chuc-vu-do-Quoc-hoi-bau-hoac-phe-chuan-571989.aspx,Ban hành: 23/06/2023,23/06/2023
626,"Nghị quyết 93/2023/QH15 về phân bổ vốn Chương trình phục hồi và phát triển kinh tế - xã hội; phân bổ, điều chỉnh kế hoạch đầu tư công trung hạn vốn ngân sách trung ương giai đoạn 2021-2025 và phân bổ kế hoạch đầu tư vốn ngân sách trung ương năm 2023 của Chương trình mục tiêu quốc gia do Quốc hội ban hành",https://thuvienphapluat.vn/van-ban/Dau-tu/Nghi-quyet-93-2023-QH15-phan-bo-von-Chuong-trinh-phuc-hoi-va-phat-trien-kinh-te-xa-hoi-571988.aspx,Ban hành: 22/06/2023,22/06/2023
627,"Nghị quyết 95/2023/QH15 về thành lập Đoàn giám sát chuyên đề “Việc thực hiện chính sách, pháp luật về quản lý thị trường bất động sản và phát triển nhà ở xã hội từ năm 2015 đến hết năm 2023” do Quốc hội ban hành",https://thuvienphapluat.vn/van-ban/Bat-dong-san/Nghi-quyet-95-2023-QH15-thanh-lap-Doan-giam-sat-quan-ly-thi-truong-bat-dong-san-2015-2023-571974.aspx,Ban hành: 22/06/2023,22/06/2023
628,"Nghị quyết 94/2023/QH15 về thành lập Đoàn giám sát chuyên đề “Việc thực hiện Nghị quyết 43/2022/QH15 về chính sách tài khóa, tiền tệ hỗ trợ Chương trình phục hồi, phát triển kinh tế - xã hội và các nghị quyết của Quốc hội về một số dự án quan trọng quốc gia đến hết năm 2023” do Quốc hội ban hành",https://thuvienphapluat.vn/van-ban/Thuong-mai/Nghi-quyet-94-2023-QH15-thanh-lap-Doan-giam-sat-chuyen-de-thuc-hien-Nghi-quyet-43-2022-QH15-571973.aspx,Ban hành: 22/06/2023,22/06/2023
629,Nghị quyết 92/2023/QH15 về chủ trương đầu tư Dự án đường giao thông từ Quốc lộ 27C đến đường tỉnh ĐT.656 tỉnh Khánh Hòa - kết nối với tỉnh Lâm Đồng và tỉnh Ninh Thuận do Quốc hội ban hành,https://thuvienphapluat.vn/van-ban/Dau-tu/Nghi-quyet-92-2023-QH15-chu-truong-dau-tu-Du-an-giao-thong-tu-Quoc-lo-27C-den-DT-656-Khanh-Hoa-571972.aspx,Ban hành: 20/06/2023,20/06/2023
630,Nghị quyết 91/2023/QH15 về phê chuẩn quyết toán ngân sách nhà nước năm 2021 do Quốc Hội ban hành,https://thuvienphapluat.vn/van-ban/Tai-chinh-nha-nuoc/Nghi-quyet-91-2023-QH15-phe-chuan-quyet-toan-ngan-sach-nha-nuoc-2021-571968.aspx,Ban hành: 19/06/2023,19/06/2023
631,"Nghị quyết 90/NQ-CP năm 2023 về Chương trình hành động thực hiện Nghị quyết 81/2023/QH15 về Quy hoạch tổng thể quốc gia thời kỳ 2021-2030, tầm nhìn đến năm 2050 và Kế hoạch thực hiện Quy hoạch tổng thể quốc gia thời kỳ 2021-2030, tầm nhìn đến năm 2050 do Chính phủ ban hành",https://thuvienphapluat.vn/van-ban/Xay-dung-Do-thi/Nghi-quyet-90-NQ-CP-2023-thuc-hien-Nghi-quyet-81-2023-QH15-Quy-hoach-tong-the-quoc-gia-569867.aspx,Ban hành: 16/06/2023,16/06/2023
632,Nghị quyết 88/NQ-CP về phiên họp Chính phủ thường kỳ tháng 5 năm 2023 trực tuyến với địa phương,https://thuvienphapluat.vn/van-ban/Bo-may-hanh-chinh/Nghi-quyet-88-NQ-CP-2023-phien-hop-Chinh-phu-thuong-ky-thang-5-truc-tuyen-voi-dia-phuong-569143.aspx,Ban hành: 08/06/2023,08/06/2023
633,Nghị quyết 90/2023/QH15 về Chương trình giám sát của Quốc hội năm 2024,https://thuvienphapluat.vn/van-ban/Bo-may-hanh-chinh/Nghi-quyet-90-2023-QH15-Chuong-trinh-giam-sat-cua-Quoc-hoi-2024-570337.aspx,Ban hành: 08/06/2023,08/06/2023
634,"Nghị quyết 793/NQ-UBTVQH15 thực hiện Nghị quyết về Chương trình xây dựng luật, pháp lệnh 2024, điều chỉnh Chương trình xây dựng luật, pháp lệnh năm 2023 do Ủy ban Thường vụ Quốc hội ban hành",https://thuvienphapluat.vn/van-ban/Bo-may-hanh-chinh/Nghi-quyet-793-NQ-UBTVQH15-2023-thuc-hien-Nghi-quyet-Chuong-trinh-xay-dung-luat-phap-lenh-2024-570338.aspx,Ban hành: 07/06/2023,07/06/2023
635,"Nghị quyết 87/NQ-CP năm 2023 về Chương trình hành động thực hiện Nghị quyết 31-NQ/TW về phương hướng, nhiệm vụ phát triển Thành phố Hồ Chí Minh đến năm 2030, tầm nhìn đến năm 2045 do Chính phủ ban hành",https://thuvienphapluat.vn/van-ban/Bo-may-hanh-chinh/Nghi-quyet-87-NQ-CP-2023-thuc-hien-Nghi-quyet-31-NQ-TW-phat-trien-Ho-Chi-Minh-den-2030-568322.aspx,Ban hành: 02/06/2023,02/06/2023
636,"Nghị quyết 89/2023/QH15 về Chương trình xây dựng luật, pháp lệnh năm 2024, điều chỉnh Chương trình xây dựng luật, pháp lệnh năm 2023 do Quốc hội ban hành",https://thuvienphapluat.vn/van-ban/Bo-may-hanh-chinh/Nghi-quyet-89-2023-QH15-Chuong-trinh-xay-dung-luat-phap-lenh-2024-570339.aspx,Ban hành: 02/06/2023,02/06/2023
637,"Nghị quyết 85/NQ-CP năm 2023 về kết thúc thí điểm thực hiện thanh tra chuyên ngành an toàn thực phẩm tại huyện, quận, thị xã, thành phố của 09 tỉnh, thành phố trực thuộc trung ương do Chính phủ ban hành",https://thuvienphapluat.vn/van-ban/The-thao-Y-te/Nghi-quyet-85-NQ-CP-2023-ket-thuc-thanh-tra-an-toan-thuc-pham-tai-tinh-truc-thuoc-trung-uong-567576.aspx,Ban hành: 25/05/2023,25/05/2023
638,"Nghị quyết 82/NQ-CP năm 2023 về nhiệm vụ, giải pháp chủ yếu đẩy nhanh phục hồi, tăng tốc phát triển du lịch hiệu quả, bền vững do Chính phủ ban hành",https://thuvienphapluat.vn/van-ban/Van-hoa-Xa-hoi/Nghi-quyet-82-NQ-CP-2023-giai-phap-day-nhanh-phuc-hoi-tang-toc-phat-trien-du-lich-hieu-qua-ben-vung-566733.aspx,Ban hành: 18/05/2023,18/05/2023
639,Nghị quyết 77/NQ-CP năm 2023 Chương trình hành động thực hiện Nghị quyết 27-NQ/TW về tiếp tục xây dựng và hoàn thiện Nhà nước pháp quyền xã hội chủ nghĩa Việt Nam trong giai đoạn mới do Chính phủ ban hành,https://thuvienphapluat.vn/van-ban/Bo-may-hanh-chinh/Nghi-quyet-77-NQ-CP-2023-thuc-hien-Nghi-quyet-27-NQ-TW-xay-dung-Nha-nuoc-phap-quyen-566049.aspx,Ban hành: 12/05/2023,12/05/2023
640,"Nghị quyết 76/NQ-CP năm 2023 về Dự thảo Nghị quyết của Quốc hội về thí điểm một số cơ chế, chính sách tháo gỡ vướng mắc quy định tại một số Luật liên quan tới đầu tư xây dựng công trình giao thông đường bộ do Chính phủ ban hành",https://thuvienphapluat.vn/van-ban/Giao-thong-Van-tai/Nghi-quyet-76-NQ-CP-2023-Du-thao-Nghi-quyet-chinh-sach-thao-go-dau-tu-cong-trinh-giao-thong-565568.aspx,Ban hành: 08/05/2023,08/05/2023
641,Nghị quyết 74/NQ-CP về phiên họp Chính phủ thường kỳ tháng 4 năm 2023,https://thuvienphapluat.vn/van-ban/Bo-may-hanh-chinh/Nghi-quyet-74-NQ-CP-2023-phien-hop-Chinh-phu-thuong-ky-thang-4-565541.aspx,Ban hành: 07/05/2023,07/05/2023
642,Nghị quyết 73/NQ-CP năm 2023 về ủy quyền quyết định giá đất cụ thể do Chính phủ ban hành,https://thuvienphapluat.vn/van-ban/Bat-dong-san/Nghi-quyet-73-NQ-CP-2023-uy-quyen-quyet-dinh-gia-dat-cu-the-565380.aspx,Ban hành: 06/05/2023,06/05/2023
643,"Nghị quyết 71/NQ-CP năm 2023 về dự thảo Nghị quyết về thí điểm việc sử dụng kinh phí chi thường xuyên của ngân sách nhà nước để cải tạo, nâng cấp, mở rộng, xây dựng mới các hạng mục trong các cơ sở, công trình đã có do Chính phủ ban hành",https://thuvienphapluat.vn/van-ban/Dau-tu/Nghi-quyet-71-NQ-CP-2023-du-thao-Nghi-quyet-kinh-phi-chi-thuong-xuyen-cai-tao-cong-trinh-da-co-565421.aspx,Ban hành: 06/05/2023,06/05/2023
644,Nghị quyết 72/NQ-CP năm 2023 dự thảo Nghị quyết về giảm thuế giá trị gia tăng do Chính phủ ban hành,https://thuvienphapluat.vn/van-ban/Thue-Phi-Le-Phi/Nghi-quyet-72-NQ-CP-2023-du-thao-Nghi-quyet-giam-thue-gia-tri-gia-tang-567836.aspx,Ban hành: 06/05/2023,06/05/2023
645,Nghị quyết 65/NQ-CP năm 2023 về điều chỉnh thời điểm kết thúc thu hồi giá trị tạm ứng hợp đồng EPC dự án Nhà máy nhiệt điện Thái Bình 2 do Chính phủ ban hành,https://thuvienphapluat.vn/van-ban/Thuong-mai/Nghi-quyet-65-NQ-CP-2023-dieu-chinh-thoi-diem-ket-thuc-hop-dong-EPC-Nha-may-nhiet-dien-Thai-Binh-2-564840.aspx,Ban hành: 28/04/2023,28/04/2023
646,Nghị quyết 60/NQ-CP năm 2023 phê duyệt Hiệp định về bảo hiểm xã hội giữa Việt Nam - Đại Hàn Dân Quốc do Chính phủ ban hành,https://thuvienphapluat.vn/van-ban/Bao-hiem/Nghi-quyet-60-NQ-CP-2023-phe-duyet-Hiep-dinh-ve-bao-hiem-xa-hoi-giua-Viet-Nam-Han-Quoc-564386.aspx,Ban hành: 24/04/2023,24/04/2023
647,"Nghị quyết 59/NQ-CP năm 2023 về giải pháp hỗ trợ tháo gỡ khó khăn cho khách hàng vay phục vụ nhu cầu đời sống, tiêu dùng do Chính phủ ban hành",https://thuvienphapluat.vn/van-ban/Tien-te-Ngan-hang/Nghi-quyet-59-NQ-CP-2023-ho-tro-thao-go-kho-khan-cho-khach-hang-vay-phuc-vu-nhu-cau-doi-song-564274.aspx,Ban hành: 23/04/2023,23/04/2023
648,"Nghị quyết 58/NQ-CP năm 2023 về chính sách, giải pháp trọng tâm hỗ trợ doanh nghiệp chủ động thích ứng, phục hồi nhanh và phát triển bền vững đến năm 2025 do Chính phủ ban hành",https://thuvienphapluat.vn/van-ban/Doanh-nghiep/Nghi-quyet-58-NQ-CP-2023-chinh-sach-ho-tro-doanh-nghiep-chu-dong-thich-ung-phat-trien-ben-vung-564277.aspx,Ban hành: 21/04/2023,21/04/2023
649,"Nghị quyết 55/NQ-CP năm 2023 về đề nghị xây dựng Nghị quyết về thí điểm việc sử dụng kinh phí chi thường xuyên của ngân sách nhà nước để cải tạo, nâng cấp, mở rộng, xây dựng mới các hạng mục trong các cơ sở, công trình đã có do Chính phủ ban hành",https://thuvienphapluat.vn/van-ban/Tai-chinh-nha-nuoc/Nghi-quyet-55-NQ-CP-2023-xay-dung-Nghi-quyet-chi-ngan-sach-cai-tao-cac-hang-muc-co-so-da-co-564055.aspx,Ban hành: 20/04/2023,20/04/2023
650,Nghị quyết 52/NQ-CP phiên họp chuyên đề về xây dựng pháp luật tháng 04 năm 2023 do Chính phủ ban hành,https://thuvienphapluat.vn/van-ban/Bo-may-hanh-chinh/Nghi-quyet-52-NQ-CP-2023-phien-hop-chuyen-de-xay-dung-phap-luat-thang-04-563298.aspx,Ban hành: 14/04/2023,14/04/2023
651,"Nghị quyết 53/NQ-CP năm 2023 thực hiện Nghị quyết 74/2022/QH15 về đẩy mạnh việc thực hiện chính sách, pháp luật về thực hành tiết kiệm, chống lãng phí do Chính phủ ban hành",https://thuvienphapluat.vn/van-ban/Tai-chinh-nha-nuoc/Nghi-quyet-53-NQ-CP-2023-thuc-hien-Nghi-quyet-74-2022-QH15-thuc-hanh-tiet-kiem-563299.aspx,Ban hành: 14/04/2023,14/04/2023
652,Nghị quyết 51/NQ-CP năm 2023 phê duyệt Hiệp định Thương mại biên giới giữa Việt Nam - Campuchia do Chính phủ ban hành,https://thuvienphapluat.vn/van-ban/Thuong-mai/Nghi-quyet-51-NQ-CP-2023-phe-duyet-Hiep-dinh-Thuong-mai-bien-gioi-giua-Viet-Nam-Campuchia-606020.aspx,Ban hành: 11/04/2023,11/04/2023
653,Nghị quyết 50/NQ-CP Hội nghị Chính phủ với địa phương và Phiên họp Chính phủ thường kỳ tháng 3 năm 2023,https://thuvienphapluat.vn/van-ban/Bo-may-hanh-chinh/Nghi-quyet-50-NQ-CP-2023-Phien-hop-Chinh-phu-thuong-ky-thang-3-562395.aspx,Ban hành: 08/04/2023,08/04/2023
654,"Nghị quyết 48/NQ-CP năm 2023 phê duyệt Chiến lược khai thác, sử dụng bền vững tài nguyên, bảo vệ môi trường biển và hải đảo đến năm 2030, tầm nhìn đến năm 2050 do Chính phủ ban hành",https://thuvienphapluat.vn/van-ban/Tai-nguyen-Moi-truong/Nghi-quyet-48-NQ-CP-2023-khai-thac-su-dung-ben-vung-tai-nguyen-bao-ve-moi-truong-bien-va-hai-dao-561680.aspx,Ban hành: 03/04/2023,03/04/2023
655,Nghị quyết 47/NQ-CP năm 2023 thí điểm về tháo gỡ khó khăn cấp phép khai thác các mỏ đất đắp phục vụ dự án cao tốc Bắc - Nam đoạn Vĩnh Hảo - Phan Thiết do Chính phủ ban hành,https://thuvienphapluat.vn/van-ban/Giao-thong-Van-tai/Nghi-quyet-47-NQ-CP-2023-cap-phep-khai-thac-cac-mo-dat-dap-phuc-vu-du-an-cao-toc-Bac-Nam-561504.aspx,Ban hành: 01/04/2023,01/04/2023
656,Nghị quyết 46/NQ-CP phiên họp chuyên đề về xây dựng pháp luật tháng 3 năm 2023 do Chính phủ ban hành,https://thuvienphapluat.vn/van-ban/Bo-may-hanh-chinh/Nghi-quyet-46-NQ-CP-2023-phien-hop-chuyen-de-xay-dung-phap-luat-thang-3-561503.aspx,Ban hành: 31/03/2023,31/03/2023
657,Nghị quyết 45/NQ-CP năm 2023 Chương trình hành động tiếp tục thực hiện Nghị quyết 10-NQ/TW về phát triển kinh tế tư nhân trở thành một động lực quan trọng của nền kinh tế thị trường định hướng xã hội chủ nghĩa do Chính phủ ban hành,https://thuvienphapluat.vn/van-ban/Doanh-nghiep/Nghi-quyet-45-NQ-CP-2023-thuc-hien-Nghi-quyet-10-NQ-TW-phat-trien-kinh-te-tu-nhan-561391.aspx,Ban hành: 31/03/2023,31/03/2023
658,Nghị quyết 41/NQ-CP năm 2023 về bố trí vốn đối ứng của Dự án xây dựng đường cao tốc Bến Lức - Long Thành do Chính phủ ban hành,https://thuvienphapluat.vn/van-ban/Dau-tu/Nghi-quyet-41-NQ-CP-2023-bo-tri-von-doi-ung-cua-Du-an-duong-cao-toc-Ben-Luc-Long-Thanh-561135.aspx,Ban hành: 30/03/2023,30/03/2023
659,"Nghị quyết 757/NQ-UBTVQH15 năm 2023 về Quy chế Bảo vệ bí mật nhà nước trong hoạt động của Quốc hội, Ủy ban Thường vụ Quốc hội, Tổng Thư ký Quốc hội, Hội đồng Dân tộc, các Ủy ban của Quốc hội, Văn phòng Quốc hội, các cơ quan thuộc Ủy ban Thường vụ Quốc hội",https://thuvienphapluat.vn/van-ban/Bo-may-hanh-chinh/Nghi-quyet-757-NQ-UBTVQH15-2023-Quy-che-Bao-ve-bi-mat-nha-nuoc-hoat-dong-Quoc-hoi-561360.aspx,Ban hành: 28/03/2023,28/03/2023
660,Nghị quyết 755/NQ-UBTVQH15 năm 2023 về hoạt động chất vấn tại Phiên họp thứ 21 của Ủy ban Thường vụ Quốc hội khóa XV,https://thuvienphapluat.vn/van-ban/Bo-may-hanh-chinh/Nghi-quyet-755-NQ-UBTVQH15-2023-hoat-dong-chat-van-Phien-hop-thu-21-Uy-ban-Thuong-vu-Quoc-hoi-561363.aspx,Ban hành: 27/03/2023,27/03/2023
661,"Nghị quyết 40/NQ-CP năm 2023 phê duyệt Chiến lược phát triển ngành Đo đạc và Bản đồ Việt Nam và xây dựng hạ tầng dữ liệu không gian địa lý quốc gia đến năm 2030, tầm nhìn đến năm 2045 do Chính phủ ban hành",https://thuvienphapluat.vn/van-ban/Bat-dong-san/Nghi-quyet-40-NQ-CP-2023-Chien-luoc-phat-trien-nganh-Do-dac-Ban-do-den-2045-560634.aspx,Ban hành: 27/03/2023,27/03/2023
662,"Nghị quyết 38/NQ-CP năm 2023 về Đề nghị xây dựng Nghị quyết về thí điểm một số cơ chế, chính sách đặc thù phát triển Thành phố Hồ Chí Minh do Chính phủ ban hành",https://thuvienphapluat.vn/van-ban/Bo-may-hanh-chinh/Nghi-quyet-38-NQ-CP-2023-xay-dung-Nghi-quyet-thi-diem-chinh-sach-dac-thu-phat-trien-Ho-Chi-Minh-560155.aspx,Ban hành: 20/03/2023,20/03/2023
663,"Nghị quyết 37/NQ-CP năm 2023 về Chương trình hành động thực hiện Nghị quyết 18-NQ/TW về “Tiếp tục đổi mới, hoàn thiện thể chế, chính sách, nâng cao hiệu lực, hiệu quả quản lý và sử dụng đất, tạo động lực đưa nước ta trở thành nước phát triển có thu nhập cao” do Chính phủ ban hành",https://thuvienphapluat.vn/van-ban/Bat-dong-san/Nghi-quyet-37-NQ-CP-2023-thuc-hien-Nghi-quyet-18-NQ-TW-nang-cao-hieu-qua-quan-ly-su-dung-dat-559797.aspx,Ban hành: 17/03/2023,17/03/2023
664,"Nghị quyết 33/2023/UBTVQH15 về điều chỉnh Chương trình xây dựng luật, pháp lệnh năm 2023 do Ủy ban Thường vụ Quốc hội ban hành",https://thuvienphapluat.vn/van-ban/Bo-may-hanh-chinh/Nghi-quyet-33-2023-UBTVQH15-dieu-chinh-Chuong-trinh-xay-dung-luat-phap-lenh-560205.aspx,Ban hành: 17/03/2023,17/03/2023
665,"Nghị quyết 33/NQ-CP năm 2023 về giải pháp tháo gỡ và thúc đẩy thị trường bất động sản phát triển an toàn, lành mạnh, bền vững do Chính phủ ban hành",https://thuvienphapluat.vn/van-ban/Bat-dong-san/Nghi-quyet-33-NQ-CP-2023-giai-phap-thao-go-thuc-day-thi-truong-bat-dong-san-phat-trien-559083.aspx,Ban hành: 11/03/2023,11/03/2023
666,Nghị quyết 31/NQ-CP về phiên họp Chính phủ thường kỳ tháng 2 năm 2023,https://thuvienphapluat.vn/van-ban/Bo-may-hanh-chinh/Nghi-quyet-31-NQ-CP-2023-phien-hop-Chinh-phu-thuong-ky-thang-2-558465.aspx,Ban hành: 07/03/2023,07/03/2023
667,"Nghị quyết 30/NQ-CP năm 2023 về tiếp tục thực hiện giải pháp bảo đảm thuốc, trang thiết bị y tế do Chính phủ ban hành",https://thuvienphapluat.vn/van-ban/Bao-hiem/Nghi-quyet-30-NQ-CP-2023-tiep-tuc-giai-phap-bao-dam-thuoc-trang-thiet-bi-y-te-557514.aspx,Ban hành: 04/03/2023,04/03/2023
668,Nghị quyết 28/NQ-CP năm 2023 về Chương trình hành động thực hiện Nghị quyết 22-NQ/TW về phòng thủ dân sự đến năm 2030 và những năm tiếp theo do Chính phủ ban hành,https://thuvienphapluat.vn/van-ban/Bo-may-hanh-chinh/Nghi-quyet-28-NQ-CP-2023-thuc-hien-Nghi-quyet-22-NQ-TW-phong-thu-dan-su-den-2030-557675.aspx,Ban hành: 01/03/2023,01/03/2023
669,Nghị quyết 27/NQ-CP phiên họp chuyên đề về xây dựng pháp luật tháng 02 năm 2023 do Chính phủ ban hành,https://thuvienphapluat.vn/van-ban/Bo-may-hanh-chinh/Nghi-quyet-27-NQ-CP-2023-phien-hop-chuyen-de-xay-dung-phap-luat-thang-02-557017.aspx,Ban hành: 28/02/2023,28/02/2023
670,"Nghị quyết 26/NQ-CP năm 2023 Chương trình hành động thực hiện Nghị quyết 19-NQ/TW về nông nghiệp, nông dân, nông thôn đến năm 2030, tầm nhìn đến năm 2045 do Chính phủ ban hành",https://thuvienphapluat.vn/van-ban/Linh-vuc-khac/Nghi-quyet-26-NQ-CP-2023-thuc-hien-Nghi-quyet-19-NQ-TW-nong-nghiep-nong-dan-den-2030-556818.aspx,Ban hành: 27/02/2023,27/02/2023
671,"Nghị quyết 23/NQ-CP năm 2023 về thí điểm cho phép tác động vào rừng tự nhiên để làm một số công trình tạm (đường công vụ, bãi tập kết vật liệu) phục vụ thi công Dự án đường dây 500kV Monsoon - Thạnh Mỹ trên địa bàn huyện Nam Giang, tỉnh Quảng Nam do Chính phủ ban hành",https://thuvienphapluat.vn/van-ban/Dau-tu/Nghi-quyet-23-NQ-CP-2023-tac-dong-vao-rung-thi-cong-du-an-duong-day-500kV-Monsoon-Thanh-My-556373.aspx,Ban hành: 23/02/2023,23/02/2023
672,Nghị quyết 21/NQ-CP năm 2023 về Chương trình hành động giai đoạn 2022-2026 thực hiện Chỉ thị 15-CT/TW về công tác ngoại giao kinh tế phục vụ phát triển đất nước đến năm 2030 do Chính phủ ban hành,https://thuvienphapluat.vn/van-ban/Bo-may-hanh-chinh/Nghi-quyet-21-NQ-CP-2023-thuc-hien-Chi-thi-15-CT-TW-cong-tac-ngoai-giao-kinh-te-556311.aspx,Ban hành: 20/02/2023,20/02/2023
673,"Nghị quyết 20/NQ-CP năm 2023 về nhiệm vụ, giải pháp triển khai sắp xếp tổ chức bộ máy của các bộ, cơ quan ngang bộ, cơ quan thuộc Chính phủ",https://thuvienphapluat.vn/van-ban/Bo-may-hanh-chinh/Nghi-quyet-20-NQ-CP-2023-nhiem-vu-sap-xep-to-chuc-bo-may-cua-cac-bo-co-quan-ngang-bo-555281.aspx,Ban hành: 17/02/2023,17/02/2023
674,"Nghị quyết 31/2023/UBTVQH15 quy định, hướng dẫn một số điều khoản của Nội quy kỳ họp Quốc hội do Ủy ban Thường vụ Quốc hội ban hành",https://thuvienphapluat.vn/van-ban/Bo-may-hanh-chinh/Nghi-quyet-31-2023-UBTVQH15-huong-dan-mot-so-dieu-khoan-cua-Noi-quy-ky-hop-Quoc-hoi-560208.aspx,Ban hành: 14/02/2023,14/02/2023
675,"Nghị quyết 32/2023/UBTVQH15 về nhiệm vụ, quyền hạn và cơ cấu tổ chức của Ban Thư ký do Ủy ban Thường vụ Quốc hội ban hành",https://thuvienphapluat.vn/van-ban/Bo-may-hanh-chinh/Nghi-quyet-32-2023-UBTVQH15-nhiem-vu-quyen-han-co-cau-to-chuc-Ban-Thu-ky-564600.aspx,Ban hành: 14/02/2023,14/02/2023
676,"Nghị quyết 730/NQ-UBTVQH15 năm 2023 về thành lập thị trấn Kim Long thuộc huyện Tam Dương, thị trấn Tam Hồng thuộc huyện Yên Lạc và phường Định Trung thuộc thành phố Vĩnh Yên, tỉnh Vĩnh Phúc do Ủy ban thường vụ Quốc hội ban hành",https://thuvienphapluat.vn/van-ban/Bo-may-hanh-chinh/Nghi-quyet-730-NQ-UBTVQH15-2023-thanh-lap-thi-tran-Kim-Long-thi-tran-Tam-Hong-Vinh-Phuc-556504.aspx,Ban hành: 13/02/2023,13/02/2023
677,"Nghị quyết 729/NQ-UBTVQH15 năm 2023 về thành lập thị trấn Hóa Thượng thuộc huyện Đồng Hỷ và nhập xã Quân Chu vào thị trấn Quân Chu thuộc huyện Đại Từ, tỉnh Thái Nguyên do Ủy ban Thường vụ Quốc hội ban hành",https://thuvienphapluat.vn/van-ban/Bo-may-hanh-chinh/Nghi-quyet-729-NQ-UBTVQH15-2023-thanh-lap-thi-tran-Hoa-Thuong-huyen-Dong-Hy-Thai-Nguyen-556503.aspx,Ban hành: 13/02/2023,13/02/2023
678,"Nghị quyết 726/NQ-UBTVQH15 năm 2023 về thành lập thị trấn Pơng Drang thuộc huyện Krông Búk, tỉnh Đắk Lắk do Ủy ban Thường vụ Quốc hội ban hành",https://thuvienphapluat.vn/van-ban/Bo-may-hanh-chinh/Nghi-quyet-726-NQ-UBTVQH15-2023-thanh-lap-thi-tran-Pong-Drang-huyen-Krong-Buk-Dak-Lak-556502.aspx,Ban hành: 13/02/2023,13/02/2023
679,Nghị quyết 725/NQ-UBTVQH15 năm 2023 về thành lập thành phố Tân Uyên thuộc tỉnh Bình Dương do Ủy ban Thường vụ Quốc hội ban hành,https://thuvienphapluat.vn/van-ban/Bo-may-hanh-chinh/Nghi-quyet-725-NQ-UBTVQH15-2023-thanh-lap-thanh-pho-Tan-Uyen-Binh-Duong-556501.aspx,Ban hành: 13/02/2023,13/02/2023
680,"Nghị quyết 723/NQ-UBTVQH15 năm 2023 về thành lập thị xã Thuận Thành và các phường thuộc thị xã Thuận Thành, thị xã Quế Võ và các phường thuộc thị xã Quế Võ, tỉnh Bắc Ninh do Ủy ban Thường vụ Quốc hội ban hành",https://thuvienphapluat.vn/van-ban/Bo-may-hanh-chinh/Nghi-quyet-723-NQ-UBTVQH15-2023-thanh-lap-thi-xa-Thuan-Thanh-va-phuong-thuoc-thi-xa-Bac-Ninh-556500.aspx,Ban hành: 13/02/2023,13/02/2023
681,"Nghị quyết 722/NQ-UBTVQH15 năm 2023 về thành lập thị trấn Vân Tùng thuộc huyện Ngân Sơn, tỉnh Bắc Kạn do Ủy ban Thường vụ Quốc hội ban hành",https://thuvienphapluat.vn/van-ban/Bo-may-hanh-chinh/Nghi-quyet-722-NQ-UBTVQH15-2023-thanh-lap-thi-tran-Van-Tung-huyen-Ngan-Son-Bac-Kan-556499.aspx,Ban hành: 13/02/2023,13/02/2023
682,"Nghị quyết 721/NQ-UBTVQH15 năm 2023 về thành lập thị xã Tịnh Biên, các phường thuộc thị xã Tịnh Biên, thị trấn Đa Phước thuộc huyện An Phú và thị trấn Hội An thuộc huyện Chợ Mới, tỉnh An Giang do Ủy ban Thường vụ Quốc hội ban hành",https://thuvienphapluat.vn/van-ban/Bo-may-hanh-chinh/Nghi-quyet-721-NQ-UBTVQH15-2023-thanh-lap-thi-xa-Tinh-Bien-va-phuong-thuoc-thi-xa-An-Giang-556498.aspx,Ban hành: 13/02/2023,13/02/2023
683,"Nghị quyết 728/NQ-UBTVQH15 năm 2023 về điều chỉnh địa giới đơn vị hành chính giữa xã Long Khánh và xã Ngũ Lạc thuộc huyện Duyên Hải, tỉnh Trà Vinh do Ủy ban Thường vụ Quốc hội ban hành",https://thuvienphapluat.vn/van-ban/Bo-may-hanh-chinh/Nghi-quyet-728-NQ-UBTVQH15-2023-dieu-chinh-dia-gioi-hanh-chinh-xa-Long-Khanh-va-xa-Ngu-Lac-556494.aspx,Ban hành: 13/02/2023,13/02/2023
684,"Nghị quyết 727/NQ-UBTVQH15 năm 2023 về thành lập các phường thuộc thị xã Điện Bàn và thị trấn Trung Phước thuộc huyện Nông Sơn, tỉnh Quảng Nam do Ủy ban Thường vụ Quốc hội ban hành",https://thuvienphapluat.vn/van-ban/Bo-may-hanh-chinh/Nghi-quyet-727-NQ-UBTVQH15-2023-thanh-lap-phuong-thuoc-thi-xa-Dien-Ban-Quang-Nam-556491.aspx,Ban hành: 13/02/2023,13/02/2023
685,"Nghị quyết 724/NQ-UBTVQH15 năm 2023 về thành lập thị trấn Tiên Thủy thuộc huyện Châu Thành, thị trấn Tiệm Tôm thuộc huyện Ba Tri và thị trấn Phước Mỹ Trung thuộc huyện Mỏ Cày Bắc, tỉnh Bến Tre do Ủy ban Thường vụ Quốc hội ban hành",https://thuvienphapluat.vn/van-ban/Bo-may-hanh-chinh/Nghi-quyet-724-NQ-UBTVQH15-2023-thanh-lap-thi-tran-Tien-Thuy-Tiem-Tom-Ben-Tre-556492.aspx,Ban hành: 13/02/2023,13/02/2023
686,Nghị quyết 16/NQ-CP phiên họp chuyên đề về xây dựng pháp luật tháng 01 năm 2023 do Chính phủ ban hành,https://thuvienphapluat.vn/van-ban/Bo-may-hanh-chinh/Nghi-quyet-16-NQ-CP-2023-phien-hop-chuyen-de-xay-dung-phap-luat-thang-01-553979.aspx,Ban hành: 09/02/2023,09/02/2023
687,"Nghị quyết 14/NQ-CP năm 2023 về Chương trình hành động thực hiện Nghị quyết 30-NQ/TW về phát triển kinh tế - xã hội và bảo đảm quốc phòng, an ninh vùng đồng bằng Sông Hồng đến năm 2030, tầm nhìn đến năm 2045 do Chính phủ ban hành",https://thuvienphapluat.vn/van-ban/Thuong-mai/Nghi-quyet-14-NQ-CP-2023-thuc-hien-Nghi-quyet-30-NQ-TW-phat-trien-kinh-te-dong-bang-Song-Hong-553798.aspx,Ban hành: 08/02/2023,08/02/2023
688,Nghị quyết 13/NQ-CP năm 2023 thông qua hồ sơ xây dựng Nghị định bảo vệ dữ liệu cá nhân do Chính phủ ban hành,https://thuvienphapluat.vn/van-ban/Bo-may-hanh-chinh/Nghi-quyet-13-NQ-CP-2023-thong-qua-ho-so-xay-dung-Nghi-dinh-bao-ve-du-lieu-ca-nhan-553564.aspx,Ban hành: 07/02/2023,07/02/2023
689,"Nghị quyết 12/NQ-CP năm 2023 về Chương trình hành động thực hiện Nghị quyết 15-NQ/TW về phương hướng, nhiệm vụ phát triển Thủ đô Hà Nội đến năm 2030, tầm nhìn đến năm 2045 do Chính phủ ban hành",https://thuvienphapluat.vn/van-ban/Bo-may-hanh-chinh/Nghi-quyet-12-NQ-CP-2023-thuc-hien-Nghi-quyet-15-NQ-TW-phat-trien-Thu-do-Ha-Noi-den-2030-553515.aspx,Ban hành: 07/02/2023,07/02/2023
690,Nghị quyết 11/NQ-CP về hạn mức bảo lãnh Chính phủ và hạn mức vay về cho vay lại năm 2023 do Chính phủ ban hành,https://thuvienphapluat.vn/van-ban/Tai-chinh-nha-nuoc/Nghi-quyet-11-NQ-CP-2023-han-muc-bao-lanh-Chinh-phu-va-han-muc-vay-ve-cho-vay-lai-553272.aspx,Ban hành: 06/02/2023,06/02/2023
691,Nghị quyết 10/NQ-CP về phiên họp Chính phủ thường kỳ tháng 01 năm 2023 trực tuyến với địa phương,https://thuvienphapluat.vn/van-ban/Bo-may-hanh-chinh/Nghi-quyet-10-NQ-CP-2023-phien-hop-Chinh-phu-thuong-ky-thang-01-voi-dia-phuong-553512.aspx,Ban hành: 03/02/2023,03/02/2023
692,"Nghị quyết 09/NQ-CP năm 2023 về Chương trình hành động thực hiện Nghị quyết 20-NQ/TW về tiếp tục đổi mới, phát triển và nâng cao hiệu quả kinh tế tập thể trong giai đoạn mới do Chính phủ ban hành",https://thuvienphapluat.vn/van-ban/Dau-tu/Nghi-quyet-09-NQ-CP-2023-doi-moi-phat-trien-nang-cao-hieu-qua-kinh-te-tap-the-552628.aspx,Ban hành: 02/02/2023,02/02/2023
693,"Nghị quyết 07/NQ-CP năm 2023 về giảm tiền thuê đất, thuê mặt nước của năm 2022 đối với các đối tượng bị ảnh hưởng bởi dịch Covid-19 do Chính phủ ban hành",https://thuvienphapluat.vn/van-ban/Tai-chinh-nha-nuoc/Nghi-quyet-07-NQ-CP-2023-giam-tien-thue-dat-cac-doi-tuong-bi-anh-huong-boi-Covid19-2022-551979.aspx,Ban hành: 30/01/2023,30/01/2023
694,"Nghị quyết 06/NQ-ĐCT năm 2023 về hỗ trợ đoàn viên công đoàn, người lao động bị giảm thời gian làm việc, chấm dứt hợp đồng lao động do doanh nghiệp bị cắt, giảm đơn hàng do Tổng Liên đoàn Lao động Việt Nam ban hành",https://thuvienphapluat.vn/van-ban/Lao-dong-Tien-luong/Nghi-quyet-06-NQ-DCT-2023-ho-tro-doan-vien-cong-doan-cham-dut-hop-dong-do-giam-don-hang-551280.aspx,Ban hành: 16/01/2023,16/01/2023
695,"Nghị quyết 06/NQ-CP năm 2023 về phát triển thị trường lao động linh hoạt, hiện đại, hiệu quả, bền vững và hội nhập nhằm phục hồi nhanh kinh tế - xã hội do Chính phủ ban hành",https://thuvienphapluat.vn/van-ban/Lao-dong-Tien-luong/Nghi-quyet-06-NQ-CP-2023-phat-trien-thi-truong-lao-dong-linh-hoat-nham-phuc-hoi-nhanh-kinh-te-xa-hoi-549907.aspx,Ban hành: 10/01/2023,10/01/2023
696,Nghị quyết 05/NQ-CP năm 2023 về Hội nghị trực tuyến Chính phủ với địa phương và Phiên họp Chính phủ thường kỳ tháng 12 năm 2022,https://thuvienphapluat.vn/van-ban/Bo-may-hanh-chinh/Nghi-quyet-05-NQ-CP-2023-Hoi-nghi-truc-tuyen-Chinh-phu-voi-dia-phuong-549990.aspx,Ban hành: 09/01/2023,09/01/2023
697,"Nghị quyết 80/2023/QH15 về tiếp tục thực hiện chính sách trong phòng, chống dịch Covid-19 và sử dụng giấy đăng ký lưu hành thuốc, nguyên liệu làm thuốc hết thời hạn hiệu lực từ ngày 01/01/2023 đến ngày 31/12/2024 do Quốc hội ban hành",https://thuvienphapluat.vn/van-ban/The-thao-Y-te/Nghi-quyet-80-2023-QH15-tiep-tuc-thuc-hien-chinh-sach-trong-phong-chong-Covid-19-551294.aspx,Ban hành: 09/01/2023,09/01/2023
698,"Nghị quyết 82/2023/QH15 về điều chỉnh kế hoạch vốn vay lại năm 2022 của các địa phương, bổ sung dự toán chi thường xuyên năm 2021 nguồn vốn viện trợ không hoàn lại của nước ngoài, điều chỉnh dự toán kinh phí bảo đảm hoạt động chưa sử dụng hết năm 2021 của Tổng cục Thuế và Tổng cục Hải quan, chuyển nguồn kinh phí công tác phòng, chống dịch COVID-19 năm 2021 của các địa phương sang niên độ ngân sách năm 2022 do Quốc hội ban hành",https://thuvienphapluat.vn/van-ban/Tai-chinh-nha-nuoc/Nghi-quyet-82-2023-QH15-dieu-chinh-ke-hoach-von-vay-lai-dia-phuong-va-du-toan-chi-thuong-xuyen-551295.aspx,Ban hành: 09/01/2023,09/01/2023
699,"Nghị quyết 81/2023/QH15 về Quy hoạch tổng thể quốc gia thời kỳ 2021-2030, tầm nhìn đến năm 2050 do Quốc hội ban hành",https://thuvienphapluat.vn/van-ban/Xay-dung-Do-thi/Nghi-quyet-81-2023-QH15-Quy-hoach-tong-the-quoc-gia-thoi-ky-2021-2030-551296.aspx,Ban hành: 09/01/2023,09/01/2023
700,Nghị quyết 03/NQ-CP năm 2023 phiên họp chuyên đề về xây dựng pháp luật tháng 12 năm 2022 do Chính phủ ban hành,https://thuvienphapluat.vn/van-ban/Bo-may-hanh-chinh/Nghi-quyet-03-NQ-CP-2023-phien-hop-chuyen-de-xay-dung-phap-luat-thang-12-2022-549539.aspx,Ban hành: 06/01/2023,06/01/2023
701,"Nghị quyết 01/NQ-CP về nhiệm vụ, giải pháp chủ yếu thực hiện Kế hoạch phát triển kinh tế - xã hội, Dự toán ngân sách nhà nước và cải thiện môi trường kinh doanh, nâng cao năng lực cạnh tranh quốc gia năm 2023 do Chính phủ ban hành",https://thuvienphapluat.vn/van-ban/Thuong-mai/Nghi-quyet-01-NQ-CP-2023-nhiem-vu-giai-phap-chu-yeu-thuc-hien-Ke-hoach-phat-trien-kinh-te-xa-hoi-549988.aspx,Ban hành: 06/01/2023,06/01/2023
702,Nghị quyết 79/2023/QH15 phê chuẩn đề nghị của Thủ tướng Chính phủ về bổ nhiệm Phó Thủ tướng Chính phủ nhiệm kỳ 2021-2026 do Quốc hội ban hành,https://thuvienphapluat.vn/van-ban/Bo-may-hanh-chinh/Nghi-quyet-79-2023-QH15-phe-chuan-de-nghi-bo-nhiem-Pho-Thu-tuong-Chinh-phu-2021-2026-551390.aspx,Ban hành: 05/01/2023,05/01/2023
703,Nghị quyết 78/2023/QH15 phê chuẩn đề nghị của Thủ tướng Chính phủ về miễn nhiệm Phó Thủ tướng Chính phủ nhiệm kỳ 2021-2026 do Quốc hội ban hành,https://thuvienphapluat.vn/van-ban/Bo-may-hanh-chinh/Nghi-quyet-78-2023-QH15-phe-chuan-de-nghi-mien-nhiem-Pho-Thu-tuong-nhiem-ky-2021-2026-551389.aspx,Ban hành: 05/01/2023,05/01/2023
704,Nghị quyết 77/2023/QH15 về cho thôi làm nhiệm vụ đại biểu Quốc hội khóa XV đối với ông Phạm Bình Minh thuộc Đoàn đại biểu Quốc hội tỉnh Bà Rịa - Vũng Tàu và ông Lê Minh Chuẩn thuộc Đoàn đại biểu Quốc hội tỉnh Quảng Ninh do Quốc hội ban hành,https://thuvienphapluat.vn/van-ban/Bo-may-hanh-chinh/Nghi-quyet-77-2023-QH15-cho-thoi-lam-nhiem-vu-dai-bieu-Quoc-hoi-ong-Pham-Binh-Minh-551388.aspx,Ban hành: 05/01/2023,05/01/2023
705,"Nghị quyết 171/NQ-CP năm 2022 về Chương trình hành động thực hiện Nghị quyết 21-NQ/TW về tăng cường củng cố, xây dựng tổ chức cơ sở đảng và nâng cao chất lượng đội ngũ đảng viên trong giai đoạn mới do Chính phủ ban hành",https://thuvienphapluat.vn/van-ban/Bo-may-hanh-chinh/Nghi-quyet-171-NQ-CP-2022-thuc-hien-Nghi-quyet-21-NQ-TW-tang-cuong-cung-co-to-chuc-co-so-dang-549008.aspx,Ban hành: 31/12/2022,31/12/2022
706,Nghị quyết 170/NQ-CP năm 2022 về Kế hoạch tổ chức lấy ý kiến Nhân dân đối với dự thảo Luật Đất đai (sửa đổi) do Chính phủ ban hành,https://thuvienphapluat.vn/van-ban/Bat-dong-san/Nghi-quyet-170-NQ-CP-2022-Ke-hoach-to-chuc-lay-y-kien-Nhan-dan-du-thao-Luat-Dat-dai-sua-doi-548563.aspx,Ban hành: 31/12/2022,31/12/2022
707,"Nghị quyết 30/2022/UBTVQH15 về mức thuế bảo vệ môi trường đối với xăng, dầu, mỡ nhờn do Ủy ban Thường vụ Quốc hội ban hành",https://thuvienphapluat.vn/van-ban/Thue-Phi-Le-Phi/Nghi-quyet-30-2022-UBTVQH15-muc-thue-bao-ve-moi-truong-xang-dau-mo-nhon-548478.aspx,Ban hành: 30/12/2022,30/12/2022
708,"Nghị quyết 168/NQ-CP năm 2022 Chương trình hành động thực hiện Nghị quyết 26-NQ/TW về phát triển kinh tế - xã hội và bảo đảm quốc phòng, an ninh vùng Bắc Trung Bộ và duyên hải Trung Bộ đến năm 2030, tầm nhìn đến năm 2045 do Chính phủ ban hành",https://thuvienphapluat.vn/van-ban/Thuong-mai/Nghi-quyet-168-NQ-CP-2022-thuc-hien-Nghi-quyet-26-NQ-TW-phat-trien-kinh-te-xa-hoi-Bac-Trung-Bo-548096.aspx,Ban hành: 29/12/2022,29/12/2022
709,Nghị quyết 671/NQ-UBTVQH15 năm 2022 về tổ chức lấy ý kiến Nhân dân đối với dự thảo Luật Đất đai (sửa đổi) do Ủy ban Thường vụ Quốc hội ban hành,https://thuvienphapluat.vn/van-ban/Bat-dong-san/Nghi-quyet-671-NQ-UBTVQH15-2022-to-chuc-lay-y-kien-doi-voi-du-thao-Luat-Dat-dai-sua-doi-548716.aspx,Ban hành: 23/12/2022,23/12/2022
710,Nghị quyết liên tịch 01/NQLT-CP-BCHTWĐ năm 2022 về Quy chế phối hợp công tác của Chính phủ và Ban Chấp hành Trung ương Đoàn Thanh niên Cộng sản Hồ Chí Minh giai đoạn 2022-2027,https://thuvienphapluat.vn/van-ban/Bo-may-hanh-chinh/Nghi-quyet-lien-tich-01-NQLT-CP-BCHTWD-2022-Quy-che-phoi-hop-Chinh-phu-Ban-Chap-hanh-Trung-uong-Doan-548085.aspx,Ban hành: 21/12/2022,21/12/2022
711,Nghị quyết 165/NQ-CP năm 2022 về học phí đối với cơ sở giáo dục và đào tạo công lập năm học 2022-2023 do Chính phủ ban hành,https://thuvienphapluat.vn/van-ban/Thue-Phi-Le-Phi/Nghi-quyet-165-NQ-CP-2022-hoc-phi-doi-voi-co-so-giao-duc-va-dao-tao-cong-lap-2022-2023-546624.aspx,Ban hành: 20/12/2022,20/12/2022
712,"Nghị quyết 164/NQ-CP năm 2022 về trình Ủy ban Thường vụ Quốc hội dự thảo Nghị quyết về mức thuế bảo vệ môi trường đối với xăng, dầu, mỡ nhờn do Chính phủ ban hành",https://thuvienphapluat.vn/van-ban/Thue-Phi-Le-Phi/Nghi-quyet-164-NQ-CP-2022-trinh-du-thao-Nghi-quyet-ve-muc-thue-bao-ve-moi-truong-xang-dau-579208.aspx,Ban hành: 18/12/2022,18/12/2022
713,"Nghị quyết 163/NQ-CP năm 2022 về đẩy mạnh triển khai đồng bộ các nhiệm vụ, giải pháp chủ yếu nhằm nâng cao năng lực cạnh tranh và phát triển dịch vụ logistics Việt Nam do Chính phủ ban hành",https://thuvienphapluat.vn/van-ban/Thuong-mai/Nghi-quyet-163-NQ-CP-2022-day-manh-giai-phap-nang-cao-nang-luc-canh-tranh-logistics-546277.aspx,Ban hành: 16/12/2022,16/12/2022
714,"Nghị quyết 659/NQ-UBTVQH15 năm 2022 về bổ sung Kế hoạch đầu tư công trung hạn giai đoạn 2021-2025 nguồn vốn nước ngoài cho Chương trình mục tiêu quốc gia xây dựng nông thôn mới; phân bổ kế hoạch đầu tư công nguồn ngân sách trung ương giai đoạn 2021-2025 của 03 chương trình mục tiêu quốc gia cho các bộ, cơ quan trung ương và địa phương do Ủy ban Thường vụ Quốc hội ban hành",https://thuvienphapluat.vn/van-ban/Tai-chinh-nha-nuoc/Nghi-quyet-659-NQ-UBTVQH15-2022-bo-sung-Ke-hoach-dau-tu-cong-trung-han-giai-doan-2021-2025-552835.aspx,Ban hành: 14/12/2022,14/12/2022
715,Nghị quyết 159/NQ-CP phiên họp chuyên đề về xây dựng pháp luật tháng 11 năm 2022 do Chính phủ ban hành,https://thuvienphapluat.vn/van-ban/Bo-may-hanh-chinh/Nghi-quyet-159-NQ-CP-2022-phien-hop-chuyen-de-ve-xay-dung-phap-luat-thang-11-545083.aspx,Ban hành: 12/12/2022,12/12/2022
716,Nghị quyết 29/2022/UBTVQH15 về Quy chế làm việc của Ủy ban Thường vụ Quốc hội,https://thuvienphapluat.vn/van-ban/Bo-may-hanh-chinh/Nghi-quyet-29-2022-UBTVQH15-Quy-che-lam-viec-Uy-ban-Thuong-vu-Quoc-hoi-595979.aspx,Ban hành: 12/12/2022,12/12/2022
717,Nghị quyết 157/NQ-CP năm 2022 về điều chỉnh dự toán kinh phí bảo đảm hoạt động chưa sử dụng hết năm 2021 của Tổng cục Thuế và Tổng cục Hải quan do Chính phủ ban hành,https://thuvienphapluat.vn/van-ban/Tai-chinh-nha-nuoc/Nghi-quyet-157-NQ-CP-2022-dieu-chinh-du-toan-bao-dam-hoat-dong-chua-su-dung-het-Tong-cuc-Thue-544061.aspx,Ban hành: 07/12/2022,07/12/2022
718,Nghị quyết 156/NQ-CP về phiên họp Chính phủ thường kỳ tháng 11 năm 2022,https://thuvienphapluat.vn/van-ban/Bo-may-hanh-chinh/Nghi-quyet-156-NQ-CP-2022-phien-hop-Chinh-phu-thuong-ky-thang-11-544574.aspx,Ban hành: 06/12/2022,06/12/2022
719,"Nghị quyết 154/NQ-CP năm 2022 về Chương trình hành động thực hiện Nghị quyết 24-NQ/TW về phát triển kinh tế - xã hội và bảo đảm quốc phòng, an ninh vùng Đông Nam Bộ đến năm 2030, tầm nhìn đến năm 2045 do Chính phủ ban hành",https://thuvienphapluat.vn/van-ban/Thuong-mai/Nghi-quyet-154-NQ-CP-2022-thuc-hien-Nghi-quyet-24-NQ-TW-phat-trien-kinh-te-vung-Dong-Nam-Bo-540225.aspx,Ban hành: 23/11/2022,23/11/2022
720,"Nghị quyết 152/NQ-CP năm 2022 về Chương trình hành động thực hiện Nghị quyết 23-NQ/TW về phương hướng phát triển kinh tế - xã hội và bảo đảm quốc phòng, an ninh vùng Tây Nguyên đến năm 2030, tầm nhìn đến năm 2045 do Chính phủ ban hành",https://thuvienphapluat.vn/van-ban/Thuong-mai/Nghi-quyet-152-NQ-CP-2022-Chuong-trinh-hanh-dong-thuc-hien-Nghi-quyet-23-NQ-TW-538868.aspx,Ban hành: 15/11/2022,15/11/2022
721,"Nghị quyết 74/2022/QH15 đẩy mạnh việc thực hiện chính sách, pháp luật về thực hành tiết kiệm, chống lãng phí do Quốc hội ban hành",https://thuvienphapluat.vn/van-ban/Tai-chinh-nha-nuoc/Nghi-quyet-74-2022-QH15-day-manh-thuc-hien-chinh-sach-thuc-hanh-tiet-kiem-chong-lang-phi-542115.aspx,Ban hành: 15/11/2022,15/11/2022
722,"Nghị quyết 75/2022/QH15 về hoạt động chất vấn tại kỳ họp thứ 4, Quốc hội khóa XV",https://thuvienphapluat.vn/van-ban/Bo-may-hanh-chinh/Nghi-quyet-75-2022-QH15-hoat-dong-chat-van-tai-ky-hop-thu-4-Quoc-hoi-khoa-XV-541781.aspx,Ban hành: 15/11/2022,15/11/2022
723,"Nghị quyết 76/2022/QH15 về Kỳ họp thứ 4, Quốc hội khóa XV",https://thuvienphapluat.vn/van-ban/Bo-may-hanh-chinh/Nghi-quyet-76-2022-QH15-Ky-hop-thu-4-Quoc-hoi-khoa-XV-540020.aspx,Ban hành: 15/11/2022,15/11/2022
724,Nghị quyết 71/2022/QH15 về Nội quy kỳ họp Quốc hội,https://thuvienphapluat.vn/van-ban/Bo-may-hanh-chinh/Nghi-quyet-71-2022-QH15-Noi-quy-ky-hop-Quoc-hoi-295408.aspx,Ban hành: 15/11/2022,15/11/2022
725,"Nghị quyết 72/2022/QH15 về thí điểm cơ chế, chính sách đặc thù phát triển thành phố Buôn Ma Thuột, tỉnh Đắk Lắk do Quốc hội ban hành",https://thuvienphapluat.vn/van-ban/Bo-may-hanh-chinh/Nghi-quyet-72-2022-QH15-thi-diem-co-che-dac-thu-phat-trien-thanh-pho-Buon-Ma-Thuot-Dak-Lak-541865.aspx,Ban hành: 15/11/2022,15/11/2022
726,Nghị quyết 73/2022/QH15 về thí điểm đấu giá biển số xe ô tô do Quốc hội ban hành,https://thuvienphapluat.vn/van-ban/Giao-thong-Van-tai/Nghi-quyet-73-2022-QH15-thi-diem-dau-gia-bien-so-xe-o-to-541780.aspx,Ban hành: 15/11/2022,15/11/2022
727,Nghị quyết 150/NQ-CP năm 2022 về Kế hoạch hoàn thiện dự án Luật Đất đai (sửa đổi) do Chính phủ ban hành,https://thuvienphapluat.vn/van-ban/Bat-dong-san/Nghi-quyet-150-NQ-CP-2022-Ke-hoach-hoan-thien-du-an-Luat-Dat-dai-sua-doi-538591.aspx,Ban hành: 14/11/2022,14/11/2022
728,"Nghị quyết 148/NQ-CP năm 2022 về Chương trình hành động của Chính phủ thực hiện Nghị quyết 06-NQ/TW về Quy hoạch, xây dựng, quản lý và phát triển bền vững đô thị Việt Nam đến năm 2030, tầm nhìn đến năm 2045 do Chính phủ ban hành",https://thuvienphapluat.vn/van-ban/Xay-dung-Do-thi/Nghi-quyet-148-NQ-CP-2022-thuc-hien-Nghi-quyet-06-NQ-TW-phat-trien-ben-vung-do-thi-Viet-Nam-538188.aspx,Ban hành: 11/11/2022,11/11/2022
729,Nghị quyết 70/2022/QH15 về phân bổ ngân sách trung ương năm 2023 do Quốc hội ban hành,https://thuvienphapluat.vn/van-ban/Tai-chinh-nha-nuoc/Nghi-quyet-70-2022-QH15-phan-bo-ngan-sach-trung-uong-2023-541863.aspx,Ban hành: 11/11/2022,11/11/2022
730,Nghị quyết 69/2022/QH15 về dự toán ngân sách nhà nước năm 2023 do Quốc hội ban hành,https://thuvienphapluat.vn/van-ban/Tai-chinh-nha-nuoc/Nghi-quyet-69-2022-QH15-du-toan-ngan-sach-nha-nuoc-2023-541860.aspx,Ban hành: 11/11/2022,11/11/2022
731,Nghị quyết 68/2022/QH15 về kế hoạch phát triển kinh tế - xã hội năm 2023 do Quốc hội ban hành,https://thuvienphapluat.vn/van-ban/Thuong-mai/Nghi-quyet-68-2022-QH15-ke-hoach-phat-trien-kinh-te-xa-hoi-2023-541864.aspx,Ban hành: 10/11/2022,10/11/2022
732,"Nghị quyết 144/NQ-CP năm 2022 về bảo đảm thuốc, trang thiết bị y tế và thanh toán chi phí khám bệnh, chữa bệnh bảo hiểm y tế do Chính phủ ban hành",https://thuvienphapluat.vn/van-ban/The-thao-Y-te/Nghi-quyet-144-NQ-CP-2022-thanh-toan-chi-phi-kham-benh-chua-benh-bao-hiem-y-te-536907.aspx,Ban hành: 05/11/2022,05/11/2022
733,Nghị quyết 143/NQ-CP về phiên họp Chính phủ thường kỳ tháng 10 năm 2022,https://thuvienphapluat.vn/van-ban/Bo-may-hanh-chinh/Nghi-quyet-143-NQ-CP-2022-phien-hop-Chinh-phu-thuong-ky-thang-10-537607.aspx,Ban hành: 04/11/2022,04/11/2022
734,Nghị quyết 140/NQ-CP năm 2022 về điều chỉnh dự toán kinh phí bảo đảm hoạt động chưa sử dụng hết năm 2021 của Tổng cục Thuế và Tổng cục Hải quan do Chính phủ ban hành,https://thuvienphapluat.vn/van-ban/Tai-chinh-nha-nuoc/Nghi-quyet-140-NQ-CP-2022-dieu-chinh-du-toan-kinh-phi-chua-su-dung-het-cua-Tong-cuc-Thue-2021-535496.aspx,Ban hành: 29/10/2022,29/10/2022
735,"Nghị quyết 138/NQ-CP năm 2022 về Quy hoạch tổng thể quốc gia thời kỳ 2021-2030, tầm nhìn đến năm 2050 do Chính phủ ban hành",https://thuvienphapluat.vn/van-ban/Xay-dung-Do-thi/Nghi-quyet-138-NQ-CP-2022-Quy-hoach-tong-the-quoc-gia-thoi-ky-2021-2030-tam-nhin-den-2050-534392.aspx,Ban hành: 25/10/2022,25/10/2022
736,"Nghị quyết 67/2022/QH15 phê chuẩn đề nghị của Thủ tướng Chính phủ về việc bổ nhiệm Bộ trưởng Bộ Y tế, Bộ trưởng Bộ Giao thông vận tải nhiệm kỳ 2021-2026 do Quốc hội ban hành",https://thuvienphapluat.vn/van-ban/Bo-may-hanh-chinh/Nghi-quyet-67-2022-QH15-phe-chuan-de-nghi-bo-nhiem-Bo-truong-Bo-Y-te-Bo-Giao-thong-2021-2026-538904.aspx,Ban hành: 21/10/2022,21/10/2022
737,Nghị quyết 66/2022/QH15 về bầu Tổng Kiểm toán nhà nước nhiệm kỳ 2021-2026 do Quốc hội ban hành,https://thuvienphapluat.vn/van-ban/Bo-may-hanh-chinh/Nghi-quyet-66-2022-QH15-bau-Tong-Kiem-toan-nha-nuoc-nhiem-ky-2021-2026-538903.aspx,Ban hành: 21/10/2022,21/10/2022
738,Nghị quyết 65/2022/QH15 phê chuẩn đề nghị của Thủ tướng Chính phủ về việc miễn nhiệm Bộ trưởng Bộ Giao thông vận tải nhiệm kỳ 2021-2026 do Quốc hội ban hành,https://thuvienphapluat.vn/van-ban/Bo-may-hanh-chinh/Nghi-quyet-65-2022-QH15-phe-chuan-de-nghi-mien-nhiem-Bo-truong-Bo-Giao-thong-2021-2026-538902.aspx,Ban hành: 21/10/2022,21/10/2022
739,Nghị quyết 64/2022/QH15 về miễn nhiệm Tổng Kiểm toán nhà nước nhiệm kỳ 2021-2026 do Quốc hội ban hành,https://thuvienphapluat.vn/van-ban/Bo-may-hanh-chinh/Nghi-quyet-64-2022-QH15-mien-nhiem-Tong-Kiem-toan-nha-nuoc-nhiem-ky-2021-2026-538901.aspx,Ban hành: 21/10/2022,21/10/2022
740,Nghị quyết 135/NQ-CP năm 2022 về ký Hiệp định vận tải hàng không toàn diện giữa các Quốc gia thành viên Hiệp hội các Quốc gia Đông Nam Á và Liên minh châu Âu và các Quốc gia thành viên của Liên minh châu Âu do Chính phủ ban hành,https://thuvienphapluat.vn/van-ban/Giao-thong-Van-tai/Nghi-quyet-135-NQ-CP-2022-ky-Hiep-dinh-van-tai-hang-khong-Hiep-hoi-Dong-Nam-A-va-chau-Au-532290.aspx,Ban hành: 14/10/2022,14/10/2022
741,"Nghị quyết 133/NQ-CP năm 2022 thông qua dự thảo Báo cáo về hoạt động đầu tư, quản lý, sử dụng vốn Nhà nước tại doanh nghiệp năm 2021 do Chính phủ ban hành",https://thuvienphapluat.vn/van-ban/Doanh-nghiep/Nghi-quyet-133-NQ-CP-2022-du-thao-Bao-cao-dau-tu-von-Nha-nuoc-tai-doanh-nghiep-2021-531705.aspx,Ban hành: 09/10/2022,09/10/2022
742,Nghị quyết 132/NQ-CP năm 2022 ký Hiệp định ASEAN về Hợp tác Tìm kiếm cứu nạn hàng hải và hàng không do Chính phủ ban hành,https://thuvienphapluat.vn/van-ban/Giao-thong-Van-tai/Nghi-quyet-132-NQ-CP-2022-ky-Hiep-dinh-ASEAN-Hop-tac-Tim-kiem-cuu-nan-hang-hai-531704.aspx,Ban hành: 07/10/2022,07/10/2022
743,"Nghị quyết 623/NQ-UBTVQH15 năm 2022 tiếp tục tăng cường hiệu lực, hiệu quả thực hiện chính sách, pháp luật về tiếp công dân và giải quyết khiếu nại, tố cáo do Ủy ban Thường vụ Quốc hội ban hành",https://thuvienphapluat.vn/van-ban/Bo-may-hanh-chinh/Nghi-quyet-623-NQ-UBTVQH15-2022-tang-cuong-hieu-qua-tiep-cong-dan-va-giai-quyet-khieu-nai-to-cao-541797.aspx,Ban hành: 07/10/2022,07/10/2022
744,Nghị quyết 130/NQ-CP về hội nghị trực tuyến Chính phủ với địa phương và Phiên họp Chính phủ thường kỳ tháng 9 năm 2022,https://thuvienphapluat.vn/van-ban/Bo-may-hanh-chinh/Nghi-quyet-130-NQ-CP-2022-hoi-nghi-truc-tuyen-Chinh-phu-voi-dia-phuong-531826.aspx,Ban hành: 06/10/2022,06/10/2022
745,"Nghị quyết 131/NQ-CP năm 2022 về đẩy mạnh cải cách thủ tục hành chính và hiện đại hóa phương thức chỉ đạo, điều hành phục vụ người dân, doanh nghiệp do Chính phủ ban hành",https://thuvienphapluat.vn/van-ban/Bo-may-hanh-chinh/Nghi-quyet-131-NQ-CP-2022-day-manh-cai-cach-thu-tuc-hanh-chinh-phuc-vu-nguoi-dan-doanh-nghiep-531493.aspx,Ban hành: 06/10/2022,06/10/2022
746,Nghị quyết 128/NQ-CP năm 2022 trình Quốc hội dự thảo Nghị quyết về thí điểm cấp quyền lựa chọn sử dụng biển số ô tô thông qua đấu giá do Chính phủ ban hành,https://thuvienphapluat.vn/van-ban/Giao-thong-Van-tai/Nghi-quyet-128-NQ-CP-2022-trinh-Nghi-quyet-cap-quyen-lua-chon-bien-so-o-to-thong-qua-dau-gia-531418.aspx,Ban hành: 05/10/2022,05/10/2022
747,Nghị quyết 609/NQ-UBTVQH15 năm 2022 về biên chế của các Tòa án nhân dân giai đoạn 2022-2026 do Ủy ban Thường vụ Quốc hội ban hành,https://thuvienphapluat.vn/van-ban/Bo-may-hanh-chinh/Nghi-quyet-609-NQ-UBTVQH15-2022-bien-che-cua-Toa-an-nhan-dan-2022-2026-531046.aspx,Ban hành: 28/09/2022,28/09/2022
748,Nghị quyết 610/NQ-UBTVQH15 năm 2022 về biên chế của ngành Kiểm sát nhân dân giai đoạn 2022-2026 do Ủy ban Thường vụ Quốc hội ban hành,https://thuvienphapluat.vn/van-ban/Bo-may-hanh-chinh/Nghi-quyet-610-NQ-UBTVQH15-2022-bien-che-nganh-Kiem-sat-nhan-dan-2022-2026-531045.aspx,Ban hành: 28/09/2022,28/09/2022
749,Nghị quyết 127/NQ-CP năm 2022 về báo cáo tình hình quản lý và sử dụng Quỹ Bảo hiểm y tế năm 2021 do Chính phủ ban hành,https://thuvienphapluat.vn/van-ban/Bao-hiem/Nghi-quyet-127-NQ-CP-2022-bao-cao-tinh-hinh-su-dung-Quy-Bao-hiem-y-te-2021-530870.aspx,Ban hành: 27/09/2022,27/09/2022
750,Nghị quyết 126/NQ-CP về phiên họp Chính phủ chuyên đề tháng 9 năm 2022,https://thuvienphapluat.vn/van-ban/Bo-may-hanh-chinh/Nghi-quyet-126-NQ-CP-2022-phien-hop-Chinh-phu-chuyen-de-thang-9-531083.aspx,Ban hành: 27/09/2022,27/09/2022
751,"Nghị quyết 28/2022/UBTVQH15 về điều chỉnh Chương trình xây dựng luật, pháp lệnh năm 2022 do Ủy ban Thường vụ Quốc hội ban hành",https://thuvienphapluat.vn/van-ban/Bo-may-hanh-chinh/Nghi-quyet-28-2022-UBTVQH15-dieu-chinh-Chuong-trinh-xay-dung-luat-531094.aspx,Ban hành: 24/09/2022,24/09/2022
752,"Nghị quyết 125/NQ-CP về giảm tiền thuê đất, thuê mặt nước của năm 2022 đối với các đối tượng bị ảnh hưởng bởi dịch Covid-19 do Chính phủ ban hành",https://thuvienphapluat.vn/van-ban/Bat-dong-san/Nghi-quyet-125-NQ-CP-2022-giam-tien-thue-dat-mat-nuoc-doi-tuong-bi-anh-huong-dich-Covid19-530206.aspx,Ban hành: 22/09/2022,22/09/2022
753,Nghị quyết 27/2022/UBTVQH15 sửa đổi Nghị quyết 1211/2016/UBTVQH13 về tiêu chuẩn của đơn vị hành chính và phân loại đơn vị hành chính do Ủy ban Thường vụ Quốc hội ban hành,https://thuvienphapluat.vn/van-ban/Bo-may-hanh-chinh/Nghi-quyet-27-2022-UBTVQH15-sua-doi-Nghi-quyet-1211-2016-UBTVQH13-don-vi-hanh-chinh-531058.aspx,Ban hành: 21/09/2022,21/09/2022
754,Nghị quyết 26/2022/UBTVQH15 sửa đổi Nghị quyết 1210/2016/UBTVQH13 về phân loại đô thị do Ủy ban Thường vụ Quốc hội ban hành,https://thuvienphapluat.vn/van-ban/Xay-dung-Do-thi/Nghi-quyet-26-2022-UBTVQH15-sua-doi-Nghi-quyet-1210-2016-UBTVQH13-531057.aspx,Ban hành: 21/09/2022,21/09/2022
755,"Nghị quyết 124/NQ-CP về nhiệm vụ, giải pháp chủ yếu thúc đẩy giải ngân vốn đầu tư công những tháng cuối năm 2022 do Chính phủ ban hành",https://thuvienphapluat.vn/van-ban/Dau-tu/Nghi-quyet-124-NQ-CP-2022-nhiem-vu-giai-phap-thuc-day-giai-ngan-von-dau-tu-cong-529607.aspx,Ban hành: 15/09/2022,15/09/2022
756,"Nghị quyết 599/NQ-UBTVQH15 năm 2022 bổ nhiệm nhân sự giữ chức vụ Trợ lý Ủy viên Bộ Chính trị, Phó Chủ tịch Thường trực Quốc hội Trần Thanh Mẫn do Ủy ban Thường vụ Quốc hội ban hành",https://thuvienphapluat.vn/van-ban/Bo-may-hanh-chinh/Nghi-quyet-599-NQ-UBTVQH15-2022-bo-nhiem-Tro-ly-Uy-vien-Bo-Chinh-tri-Tran-Thanh-Man-531244.aspx,Ban hành: 13/09/2022,13/09/2022
757,"Nghị quyết 597/NQ-UBTVQH15 năm 2022 về điều động, phê chuẩn Phó Chủ nhiệm Ủy ban Văn hóa, Giáo dục của Quốc hội khóa XV do Ủy ban Thường vụ Quốc hội ban hành",https://thuvienphapluat.vn/van-ban/Bo-may-hanh-chinh/Nghi-quyet-597-NQ-UBTVQH15-2022-phe-chuan-Pho-Chu-nhiem-Uy-ban-Van-hoa-Giao-duc-khoa-XV-531243.aspx,Ban hành: 13/09/2022,13/09/2022
758,"Nghị quyết 594/NQ-UBTVQH15 năm 2022 hướng dẫn hoạt động giám sát của Hội đồng nhân dân, Thường trực Hội đồng nhân dân, Ban của Hội đồng nhân dân, Tổ đại biểu Hội đồng nhân dân và đại biểu Hội đồng nhân dân do Ủy ban Thường vụ Quốc hội ban hành",https://thuvienphapluat.vn/van-ban/Bo-may-hanh-chinh/Nghi-quyet-594-NQ-UBTVQH15-2022-huong-dan-hoat-dong-giam-sat-cua-Hoi-dong-nhan-dan-529177.aspx,Ban hành: 12/09/2022,12/09/2022
759,"Nghị quyết 595/NQ-UBTVQH15 năm 2022 về tiếp tục thực hiện chủ trương sắp xếp các đơn vị hành chính cấp huyện, cấp xã do Ủy ban Thường vụ Quốc hội ban hành",https://thuvienphapluat.vn/van-ban/Bo-may-hanh-chinh/Nghi-quyet-595-NQ-UBTVQH15-2022-tiep-tuc-chu-truong-sap-xep-don-vi-hanh-chinh-cap-huyen-xa-531059.aspx,Ban hành: 12/09/2022,12/09/2022
760,Nghị quyết 121/NQ-CP về phiên họp Chính phủ thường kỳ tháng 8 năm 2022,https://thuvienphapluat.vn/van-ban/Thuong-mai/Nghi-quyet-121-NQ-CP-2022-phien-hop-Chinh-phu-thuong-ky-thang-8-529573.aspx,Ban hành: 11/09/2022,11/09/2022